Point,Species,base,top,he,ht,width,Age,Light,Site,Plant,SiteName,Ch
5,Lepidosperma effusum,0,1,0,1,26.2,1,Sun,1,1,Tingle_L1,0
5,Eucalyptus jacksonii e,16.4,34.6,16.4,29.2,13.5,1,Sun,1,1,Tingle_L1,0
10,Lepidosperma effusum,0,0.8,0,0.8,,1,Sun,1,1,Tingle_L1,0
15,Lepidosperma effusum,0,0.8,0,0.8,,1,Sun,1,1,Tingle_L1,0
15,Eucalyptus jacksonii e,19.8,41.6,19.8,41,27.7,1,Sun,1,1,Tingle_L1,0
20,Lepidosperma effusum,0,1.1,0,1.1,,1,Sun,1,1,Tingle_L1,0
20,Eucalyptus jacksonii e,19.8,41.6,19.8,41,,1,Sun,1,1,Tingle_L1,0
25,Lepidosperma effusum,0,0.8,0,0.8,,1,Sun,1,1,Tingle_L1,0
25,Eucalyptus jacksonii e,19.8,41.6,19.8,41,,1,Sun,1,1,Tingle_L1,0
30,Lepidosperma effusum,0,1.4,0,1.4,5.9,1,Sun,1,1,Tingle_L1,0
30,Eucalyptus jacksonii e,19.8,41.6,19.8,41,,1,Sun,1,1,Tingle_L1,0
35,Lasiopetalum floribundum,0.1,0.7,0.1,0.7,5.5,1,Sun,1,1,Tingle_L1,0
35,Lepidosperma effusum,0,1.4,0,1.4,,1,Sun,1,1,Tingle_L1,0
35,Eucalyptus jacksonii e,19.8,44.2,19.8,41.4,21.5,1,Sun,1,1,Tingle_L1,0
40,Lepidosperma effusum,0,0.9,0,0.9,8.1,1,Sun,1,1,Tingle_L1,0
40,Eucalyptus jacksonii e,19.8,44.2,19.8,41.4,,1,Sun,1,1,Tingle_L1,0
45,Lasiopetalum floribundum,0,0.3,0,0.3,5.5,1,Sun,1,2,Tingle_L1,0
45,Lepidosperma effusum,0,0.7,0,0.7,,1,Sun,1,1,Tingle_L1,0
45,Eucalyptus jacksonii e,21.6,39.6,21.6,37.8,16.6,1,Sun,1,1,Tingle_L1,0
45,Eucalyptus jacksonii e,19.8,44.2,19.8,41.4,,1,Sun,1,1,Tingle_L1,0
50,Lepidosperma effusum,0,0.6,0,0.6,3.2,1,Sun,1,1,Tingle_L1,0
50,Eucalyptus jacksonii e,21.6,39.6,21.6,37.8,16.6,1,Sun,1,1,Tingle_L1,0
5,Lepidosperma effusum,0,0.7,0,0.7,2.9,1,Shade,72,1,Tingle_S1,0
5,Tall dead shrub,,,,,,1,Shade,72,1,Tingle_S1,0
10,Lepidosperma effusum,0,0.8,0,0.8,0.8,1,Shade,72,1,Tingle_S1,0
10,Tall dead shrub,,,,,,1,Shade,72,1,Tingle_S1,0
15,Lepidosperma effusum,0,0.9,0,0.9,5,1,Shade,72,1,Tingle_S1,0
15,Allocasuarina decussata,7.14,21,10.2,16.8,7,1,Shade,72,1,Tingle_S1,0
20,Lepidosperma effusum,0,0.9,0,0.9,2.3,1,Shade,72,1,Tingle_S1,0
20,Eucalyptus jacksonii e,2.6,11.2,2.6,11.2,1,1,Shade,72,1,Tingle_S1,0
20,Eucalyptus jacksonii,11.2,44.8,18.6,41,30.4,1,Shade,72,1,Tingle_S1,0
25,Lepidosperma effusum,0,0.9,0,0.9,11.6,1,Shade,72,1,Tingle_S1,0
25,Eucalyptus jacksonii,11.2,44.8,18.6,41,,1,Shade,72,1,Tingle_S1,0
30,Lepidosperma effusum,0,0.6,0,0.6,,1,Shade,72,1,Tingle_S1,0
30,Eucalyptus jacksonii,11.2,44.8,18.6,41,,1,Shade,72,1,Tingle_S1,0
35,Lepidosperma effusum,0,0.6,0,0.6,,1,Shade,72,1,Tingle_S1,0
35,Eucalyptus jacksonii,12.6,24.2,15.2,20.4,13,1,Shade,72,1,Tingle_S1,0
40,Leucopogon verticillatus,0.2,0.4,0.2,0.4,0.6,1,Shade,72,1,Tingle_S1,0
40,Acacia pentadenia,4.6,9,4.6,8.2,2.2,1,Shade,72,1,Tingle_S1,0
40,Eucalyptus jacksonii,12.6,24.2,15.2,20.4,,1,Shade,72,1,Tingle_S1,0
45,Lepidosperma effusum,0,0.8,0,0.8,5.3,1,Shade,72,1,Tingle_S1,0
45,Eucalyptus jacksonii,11,40.6,16,27,16.2,1,Shade,72,1,Tingle_S1,0
50,Lepidosperma effusum,0,0.6,0,0.6,1.5,1,Shade,72,1,Tingle_S1,0
50,Allocasuarina decussata,8.8,13.6,10.6,14.2,8.8,1,Shade,72,1,Tingle_S1,0
50,Eucalyptus jacksonii,11,40.6,16,27,,1,Shade,72,1,Tingle_S1,0
5,Lepidosperma effusum,0,0.7,0,0.7,13.4,4,Shade,76,1,Tingle_S4,0
5,Eucalyptus jacksonii,10.8,21.4,14.4,19.6,4.7,4,Shade,76,1,Tingle_S4,0
5,Eucalyptus diversicolor,21.2,39,23.2,29.4,10.5,4,Shade,76,1,Tingle_S4,0
10,Lepidosperma effusum,0,0.7,0,0.7,,4,Shade,76,1,Tingle_S4,0
10,Lasiopetalum floribundum,0.8,1.4,0.9,0.9,0.9,4,Shade,76,1,Tingle_S4,0
10,Eucalyptus jacksonii e,3.6,9,6.6,8.8,5.5,4,Shade,76,1,Tingle_S4,0
10,Eucalyptus diversicolor,18.2,30.6,18.2,29.6,8,4,Shade,76,1,Tingle_S4,0
15,Lepidosperma effusum,0,0.6,0,0.6,9.8,4,Shade,76,1,Tingle_S4,0
15,Eucalyptus jacksonii shade,7,14.4,11.8,12.2,4.8,4,Shade,76,1,Tingle_S4,0
15,Eucalyptus diversicolor,18.2,30.6,18.2,29.6,,4,Shade,76,1,Tingle_S4,0
20,Eucalyptus jacksonii shade,8.8,11.8,9.2,11,4.8,4,Shade,76,1,Tingle_S4,0
20,Eucalyptus diversicolor,15.6,28.8,17.4,25.2,9.9,4,Shade,76,1,Tingle_S4,0
25,Eucalyptus jacksonii shade,8.2,13.4,9.6,11,6,4,Shade,76,1,Tingle_S4,0
30,Dampiera hederacea,0.1,1.2,0.3,0.6,2,4,Shade,76,1,Tingle_S4,0
30,Corymbia calophylla,7.6,25.8,13.8,21.4,10.6,4,Shade,76,1,Tingle_S4,0
35,Eucalyptus jacksonii shade,12.4,17.8,14.2,17.2,6.1,4,Shade,76,1,Tingle_S4,0
35,Eucalyptus diversicolor,15.6,20.8,18,19.2,6.7,4,Shade,76,1,Tingle_S4,0
35,Corymbia calophylla,7.6,25.8,13.8,21.4,,4,Shade,76,1,Tingle_S4,0
40,Lepidosperma effusum,0,0.7,0,0.7,16.5,4,Shade,76,1,Tingle_S4,0
40,Eucalyptus jacksonii e,2.2,13.3,2.2,13.3,1,4,Shade,76,1,Tingle_S4,0
40,Eucalyptus jacksonii,13.3,22,14,20.2,3.6,4,Shade,76,1,Tingle_S4,0
40,Eucalyptus jacksonii,19.8,25.6,19.8,23,8.8,4,Shade,76,2,Tingle_S4,0
45,Lepidosperma effusum,0,0.6,0,0.6,,4,Shade,76,1,Tingle_S4,0
45,Eucalyptus jacksonii shade,14.2,18,14.2,17.4,4,4,Shade,76,1,Tingle_S4,0
45,Eucalyptus diversicolor,19.4,36.2,19.4,33,16.4,4,Shade,76,1,Tingle_S4,0
50,Lepidosperma effusum,0,0.6,0,0.6,,4,Shade,76,1,Tingle_S4,0
50,Eucalyptus jacksonii,9.2,20.8,12.4,17.6,14.7,4,Shade,76,1,Tingle_S4,0
50,Eucalyptus diversicolor,19.4,36.2,19.4,33,,4,Shade,76,1,Tingle_S4,0
5,Pteridium esculentum,0.7,1.1,0.7,1.1,0.6,5,Sun,5,1,Tingle_L5,0
5,Dampiera hederacea,0.2,1.4,0.5,0.8,2.8,5,Sun,5,1,Tingle_L5,0
5,Eucalyptus diversicolor,12.2,44.8,21.8,36.4,23.2,5,Sun,5,1,Tingle_L5,0
10,Dampiera hederacea,0.4,1,0.4,1,1.4,5,Sun,5,1,Tingle_L5,0
10,Acacia pentadenia,0.7,1.8,0.7,1.8,0.2,5,Sun,5,1,Tingle_L5,0
10,Agonis flexuosa,0.7,3.8,1.4,2.2,2.2,5,Sun,5,1,Tingle_L5,0
10,Eucalyptus diversicolor,12.2,44.8,21.8,36.4,,5,Sun,5,1,Tingle_L5,0
15,Lepidosperma effusum,0,0.7,0,0.7,0.8,5,Sun,5,1,Tingle_L5,0
15,Eucalyptus diversicolor,22.8,40.8,27.8,34.8,24.4,5,Sun,5,1,Tingle_L5,0
15,Eucalyptus diversicolor,12.2,44.8,21.8,36.4,,5,Sun,5,2,Tingle_L5,0
20,Allocasuarina decussata,4.5,12.2,5.6,9.6,4.8,5,Sun,5,1,Tingle_L5,0
20,Eucalyptus diversicolor,22.8,40.8,27.8,34.8,24.4,5,Sun,5,1,Tingle_L5,0
20,Eucalyptus diversicolor,12.2,44.8,21.8,36.4,,5,Sun,5,2,Tingle_L5,0
25,Lepidosperma effusum,0,0.3,0,0.3,0.5,5,Sun,5,1,Tingle_L5,0
25,Agonis flexuosa,0.5,2.9,1.2,2.2,2.6,5,Sun,5,1,Tingle_L5,0
25,Allocasuarina decussata,5.8,15.8,7.2,10.4,7.4,5,Sun,5,1,Tingle_L5,0
25,Eucalyptus diversicolor,29.2,38,29.2,34,14.4,5,Sun,5,1,Tingle_L5,0
30,Corymbia calophylla shade,5,11.2,6,8.6,4.4,5,Sun,5,1,Tingle_L5,0
30,Eucalyptus diversicolor,29.2,38,29.2,34,,5,Sun,5,1,Tingle_L5,0
35,Dampiera hederacea,0,0.8,0.2,0.6,1.8,5,Sun,5,1,Tingle_L5,0
35,Eucalyptus diversicolor,29.2,38,29.2,34,,5,Sun,5,1,Tingle_L5,0
40,Lepidosperma effusum,0,0.3,0,0.3,0.5,5,Sun,5,1,Tingle_L5,0
40,Acacia pentadenia,0.7,3.5,1.5,2.6,1.5,5,Sun,5,1,Tingle_L5,0
40,Agonis flexuosa,0.5,4,1.5,2.7,2.2,5,Sun,5,1,Tingle_L5,0
40,Eucalyptus diversicolor,16.6,56,27.8,37.6,31.3,5,Sun,5,1,Tingle_L5,0
45,Agonis flexuosa,0.5,3.9,1.3,2.7,2.6,5,Sun,5,1,Tingle_L5,0
45,Eucalyptus diversicolor,16.6,56,27.8,37.6,,5,Sun,5,1,Tingle_L5,0
50,Agonis flexuosa,0.4,1.8,1.1,1.1,1,5,Sun,5,1,Tingle_L5,0
50,Eucalyptus diversicolor,16.6,56,27.8,37.6,,5,Sun,5,1,Tingle_L5,0
5,Log,0,1,,,1,5,Shade,77,1,Tingle_S5,0
5,Acacia pentadenia,1.1,4.6,2.1,3,2,5,Shade,77,1,Tingle_S5,0
10,Agonis flexuosa,0.5,3.6,2.1,2.9,3.4,5,Shade,77,1,Tingle_S5,0
15,Lepidosperma effusum,0,0.9,0,0.9,1.9,5,Shade,77,1,Tingle_S5,0
15,Agonis flexuosa,0.2,6.3,2.6,3.3,5.5,5,Shade,77,1,Tingle_S5,0
15,Eucalyptus diversicolor,14,31.2,21.6,27.2,19.1,5,Shade,77,1,Tingle_S5,0
20,Lepidosperma effusum,0,0.7,0,0.7,2.1,5,Shade,77,1,Tingle_S5,0
20,Eucalyptus jacksonii,11,25.6,16.2,24.2,7.9,5,Shade,77,1,Tingle_S5,0
20,Eucalyptus diversicolor,14,31.2,21.6,27.2,,5,Shade,77,1,Tingle_S5,0
25,Lepidosperma effusum,0,0.5,0,0.5,0.7,5,Shade,77,1,Tingle_S5,0
25,Eucalyptus jacksonii,11,25.6,16.2,24.2,,5,Shade,77,1,Tingle_S5,0
25,Eucalyptus diversicolor,15,31.4,19.2,27.4,6.3,5,Shade,77,1,Tingle_S5,0
30,Acacia pentadenia,0.8,4.9,1.6,3.7,5.7,5,Shade,77,1,Tingle_S5,0
30,Eucalyptus diversicolor,15,31.4,19.2,27.4,,5,Shade,77,1,Tingle_S5,0
35,Lepidosperma effusum,0,0.5,0,0.5,1.3,5,Shade,77,1,Tingle_S5,0
35,Agonis flexuosa,0.8,3,1.5,2.5,10.7,5,Shade,77,1,Tingle_S5,0
35,Eucalyptus diversicolor,4.4,14.5,4.4,14.5,1,5,Shade,77,1,Tingle_S5,0
35,Eucalyptus diversicolor,14.5,20.8,12.8,19.8,3.5,5,Shade,77,1,Tingle_S5,0
40,Lepidosperma effusum,0,0.6,0,0.6,2.5,5,Shade,77,1,Tingle_S5,0
40,Agonis flexuosa,0.8,6.4,2.6,4.5,,5,Shade,77,1,Tingle_S5,0
45,Acacia pentadenia,1.2,5.3,2.6,4.1,3.3,5,Shade,77,1,Tingle_S5,0
50,Acacia pentadenia,1.4,3.9,1.7,2.5,1.7,5,Shade,77,1,Tingle_S5,0
5,Chorilaena quercifolia,0.9,2.9,1.8,2.4,5,9,Shade,78,1,Tingle_S9,2
5,Acacia pentadenia,2.6,6,3.1,4.3,2,9,Shade,78,1,Tingle_S9,2
5,Allocasuarina decussata,4.3,14.8,6,13.2,3.6,9,Shade,78,1,Tingle_S9,2
10,Lepidosperma effusum,0,0.7,0,0.7,2.4,9,Shade,78,1,Tingle_S9,2
10,Chorilaena quercifolia,1.6,5.2,2.5,4.6,5,9,Shade,78,1,Tingle_S9,2
10,Acacia pentadenia,1.1,5.7,1.9,4.2,2,9,Shade,78,2,Tingle_S9,2
10,Eucalyptus diversicolor,19,37.2,20.2,32.6,10.5,9,Shade,78,1,Tingle_S9,2
15,Chorilaena quercifolia,1.4,4.8,2.6,4.6,5,9,Shade,78,2,Tingle_S9,2
15,Acacia pentadenia,5.4,9.2,6.2,8.4,2,9,Shade,78,1,Tingle_S9,2
15,Allocasuarina decussata,6.02,18.6,8.6,16.8,4.3,9,Shade,78,1,Tingle_S9,2
20,Chorilaena quercifolia,1.5,4.9,3.3,4.4,5,9,Shade,78,1,Tingle_S9,2
20,Acacia pentadenia,2.2,6.3,3.5,5.2,2,9,Shade,78,1,Tingle_S9,2
20,Eucalyptus guilfoylei shade,4.6,8,5.6,8,2.5,9,Shade,78,1,Tingle_S9,2
20,Eucalyptus guilfoylei,11.4,23.6,15.2,18.4,8.9,9,Shade,78,1,Tingle_S9,2
25,Acacia pentadenia,1.3,1.7,1.9,2.1,0.8,9,Shade,78,1,Tingle_S9,2
25,Acacia pentadenia,3,6.2,3.8,5,2,9,Shade,78,1,Tingle_S9,2
25,Allocasuarina decussata,7.6,13.6,8.2,10.6,4.8,9,Shade,78,1,Tingle_S9,2
25,Eucalyptus guilfoylei,11.4,23.6,15.2,18.4,,9,Shade,78,1,Tingle_S9,2
30,Lepidosperma effusum,0,1.3,0,1.3,2.7,9,Shade,78,1,Tingle_S9,2
30,Acacia pentadenia,1.9,6,4.6,5.4,2,9,Shade,78,1,Tingle_S9,2
30,Eucalyptus guilfoylei shade,7.8,10.2,8.6,9.2,2.3,9,Shade,78,1,Tingle_S9,2
30,Eucalyptus guilfoylei,10.4,22.8,15.6,18,5.7,9,Shade,78,1,Tingle_S9,2
35,Acacia pentadenia,2,2.5,2.4,2.4,2.1,9,Shade,78,1,Tingle_S9,2
35,Leucopogon verticillatus,2,3.5,2.5,3.1,1.1,9,Shade,78,1,Tingle_S9,2
35,Acacia pentadenia,1.9,6,4.6,5.4,2,9,Shade,78,2,Tingle_S9,2
35,Eucalyptus guilfoylei shade,5.6,13.4,9,10.8,5.9,9,Shade,78,1,Tingle_S9,2
40,Leucopogon verticillatus,0.6,2.1,1.6,1.9,2.7,9,Shade,78,1,Tingle_S9,2
40,Chorilaena quercifolia,0.7,2.4,1.2,1.9,1.6,9,Shade,78,1,Tingle_S9,2
40,Allocasuarina decussata,1.7,4.1,2.1,3.6,1.9,9,Shade,78,1,Tingle_S9,2
40,Acacia pentadenia,2.5,9.4,2.8,5.5,2,9,Shade,78,2,Tingle_S9,2
40,Eucalyptus guilfoylei shade,6.2,16.6,10.8,15,7.7,9,Shade,78,1,Tingle_S9,2
45,Chorilaena quercifolia,1.4,4.5,2.8,3.3,4.6,9,Shade,78,1,Tingle_S9,2
45,Acacia pentadenia,3,9,4.7,8,2,9,Shade,78,1,Tingle_S9,2
45,Eucalyptus guilfoylei,10.6,24.6,23,23.8,6.5,9,Shade,78,1,Tingle_S9,2
50,Allocasuarina decussata,4.34,10.8,6.2,8.6,2.9,9,Shade,78,1,Tingle_S9,2
50,Eucalyptus guilfoylei shade,7.2,14.8,10.2,13.6,5.1,9,Shade,78,1,Tingle_S9,2
5,Lepidosperma effusum,0,1,0,1,2.7,10,Shade,83,1,Tingle_S10,0
5,Taxandria parviceps,8,11,8.6,10.4,8.4,10,Shade,83,1,Tingle_S10,0
5,Eucalyptus jacksonii,10,30.4,18,26.6,16.5,10,Shade,83,1,Tingle_S10,0
10,Hibbertia furfuracea,0.1,1.6,1,1,2.1,10,Shade,83,1,Tingle_S10,0
10,Taxandria parviceps,6.6,7.4,6,7.4,3.5,10,Shade,83,1,Tingle_S10,0
10,Eucalyptus jacksonii shade,9,9.4,9.2,9.2,0.6,10,Shade,83,1,Tingle_S10,0
10,Eucalyptus jacksonii,10,30.4,18,26.6,,10,Shade,83,2,Tingle_S10,0
15,Lepidosperma effusum,0,0.7,0,0.7,1.9,10,Shade,83,1,Tingle_S10,0
15,Hibbertia furfuracea,0.2,1.6,1.3,1.3,1.9,10,Shade,83,1,Tingle_S10,0
15,Eucalyptus jacksonii,12.2,24.4,14,22.2,15.8,10,Shade,83,1,Tingle_S10,0
20,Macrozamia rieldlei,0,1,0,1,1.4,10,Shade,83,1,Tingle_S10,0
20,Hibbertia furfuracea,0.1,1.5,0.8,0.8,2.2,10,Shade,83,1,Tingle_S10,0
20,Eucalyptus jacksonii,12.2,24.4,14,22.2,,10,Shade,83,1,Tingle_S10,0
25,Lepidosperma effusum,0,0.5,0,0.5,1.1,10,Shade,83,1,Tingle_S10,0
25,Eucalyptus jacksonii shade,5.8,12.2,7.8,11.4,9.8,10,Shade,83,1,Tingle_S10,0
30,Bossiaea aquifolium,1.2,4.8,1.9,3.9,3.3,10,Shade,83,1,Tingle_S10,0
30,Taxandria parviceps,6.8,10.2,8.8,8.8,24,10,Shade,83,1,Tingle_S10,0
30,Eucalyptus jacksonii shade,5.8,12.2,7.8,11.4,,10,Shade,83,1,Tingle_S10,0
35,Hibbertia furfuracea,0.1,2,0.8,1.3,3.3,10,Shade,83,1,Tingle_S10,0
35,Taxandria parviceps,6.2,8.2,7,8,,10,Shade,83,1,Tingle_S10,0
40,Taxandria parviceps,6.2,8.2,7,8,,10,Shade,83,1,Tingle_S10,0
40,Eucalyptus marginata shade,9.2,18.6,10.4,14.6,10.5,10,Shade,83,1,Tingle_S10,0
45,Anarthria scabra,0,0.4,0,0.4,5.6,10,Shade,83,1,Tingle_S10,0
45,Taxandria parviceps,5,9.6,6.8,8.8,,10,Shade,83,1,Tingle_S10,0
45,Eucalyptus marginata shade,9.2,18.6,10.4,14.6,,10,Shade,83,1,Tingle_S10,0
50,Anarthria scabra,0,0.6,0,0.6,1.7,10,Shade,83,1,Tingle_S10,0
50,Taxandria parviceps,5,9.6,6.8,8.8,,10,Shade,83,1,Tingle_S10,0
5,Lepidosperma effusum,0,0.6,,,0.5,11,Sun,12,1,Tingle_L11,0
5,Leucopogon verticillatus,0.6,1.3,0.6,1.1,0.5,11,Sun,12,1,Tingle_L11,0
5,Acacia pentadenia,0.6,4.8,1.4,3,2,11,Sun,12,1,Tingle_L11,0
5,Allocasuarina decussata,5.1,8.2,6.4,7.2,5.5,11,Sun,12,1,Tingle_L11,0
5,Eucalyptus guilfoylei shade,8.8,14.2,9.8,13.8,6.3,11,Sun,12,1,Tingle_L11,0
10,Acacia pentadenia,0.2,4.5,1.4,3.1,2,11,Sun,12,1,Tingle_L11,0
10,Corymbia calophylla,17.6,24.4,21.4,24.2,12.8,11,Sun,12,1,Tingle_L11,0
15,Dielsiodoxa lycopodioides,0.3,1.1,0.6,0.9,1.1,11,Sun,12,1,Tingle_L11,0
15,Lasiopetalum floribundum,0.8,1.1,1,1.1,0.6,11,Sun,12,1,Tingle_L11,0
15,Corymbia calophylla,17.6,24.4,21.4,24.2,,11,Sun,12,1,Tingle_L11,0
20,Acacia pentadenia,1.4,3.6,2.4,2.9,2,11,Sun,12,1,Tingle_L11,0
25,Acacia pentadenia,1.1,5,1.3,3.7,2,11,Sun,12,1,Tingle_L11,0
25,Eucalyptus guilfoylei,12.2,27.6,19.4,25,6.3,11,Sun,12,1,Tingle_L11,0
30,Thomasia sp. vasse,0.3,1.7,0.3,1.3,2.4,11,Sun,12,1,Tingle_L11,0
30,Acacia pentadenia,0.9,4.6,2.5,3.2,2,11,Sun,12,1,Tingle_L11,0
30,Eucalyptus jacksonii,18.2,30.6,18.2,27.2,7.9,11,Sun,12,1,Tingle_L11,0
35,Acacia pentadenia,0.5,5.3,3,4.4,2,11,Sun,12,1,Tingle_L11,0
35,Eucalyptus jacksonii,19.8,33.4,22.4,31,8.7,11,Sun,12,1,Tingle_L11,0
40,Crowea angustifolia,0.8,2.4,1.2,1.5,0.2,11,Sun,12,1,Tingle_L11,0
40,Acacia pentadenia,0.9,4,2.2,3,2,11,Sun,12,1,Tingle_L11,0
40,Eucalyptus jacksonii,19.8,33.4,22.4,31,,11,Sun,12,1,Tingle_L11,0
45,Acacia pentadenia,0.5,5,2.4,3.4,2,11,Sun,12,1,Tingle_L11,0
45,Eucalyptus jacksonii,9.8,26,15,23.6,13.2,11,Sun,12,1,Tingle_L11,0
50,Lasiopetalum floribundum,2.1,3.9,2.1,2.7,4.1,11,Sun,12,1,Tingle_L11,0
50,Eucalyptus jacksonii shade,2.8,5.1,3.5,4.4,2.1,11,Sun,12,1,Tingle_L11,0
50,Eucalyptus jacksonii,9.8,26,15,23.6,,11,Sun,12,2,Tingle_L11,0
5,Lepidosperma effusum,0,0.3,,,0.6,12,Sun,20,1,Tingle_L12,1
5,Allocasuarina decussata,3.64,14.2,5.2,11.4,4.6,12,Sun,20,1,Tingle_L12,1
10,Lepidosperma effusum,0,0.5,,,1.6,12,Sun,20,1,Tingle_L12,1
10,Leucopogon verticillatus,0.1,4.6,2.2,2.2,3.9,12,Sun,20,1,Tingle_L12,1
10,Allocasuarina decussata,4,13.6,4,12.4,5.2,12,Sun,20,1,Tingle_L12,1
10,Allocasuarina decussata,5.04,15.2,7.2,12.4,11,12,Sun,20,2,Tingle_L12,1
15,Lepidosperma effusum,0,0.9,,,3.4,12,Sun,20,1,Tingle_L12,1
15,Allocasuarina decussata,5.04,15.2,7.2,12.4,,12,Sun,20,1,Tingle_L12,1
15,Eucalyptus jacksonii,11,36,17.2,31,14,12,Sun,20,1,Tingle_L12,1
20,Lepidosperma effusum,0,0.5,,,9.1,12,Sun,20,1,Tingle_L12,1
20,Eucalyptus jacksonii,11,36,17.2,31,,12,Sun,20,1,Tingle_L12,1
25,Lepidosperma effusum,0,0.5,,,,12,Sun,20,1,Tingle_L12,1
25,Acacia pentadenia,1.6,5.4,1.6,4.2,4.7,12,Sun,20,1,Tingle_L12,1
25,Eucalyptus diversicolor,28.4,41.2,33,40,21.3,12,Sun,20,1,Tingle_L12,1
30,Lepidosperma effusum,0,0.7,,,25,12,Sun,20,1,Tingle_L12,1
30,Eucalyptus diversicolor,28.4,41.2,33,40,,12,Sun,20,1,Tingle_L12,1
35,Chorilaena quercifolia,1.1,3.5,1.2,1.7,5,12,Sun,20,1,Tingle_L12,1
35,Eucalyptus jacksonii,13.6,32.8,23.8,31,14.9,12,Sun,20,1,Tingle_L12,1
35,Eucalyptus diversicolor,28.4,41.2,33,40,,12,Sun,20,1,Tingle_L12,1
40,Lepidosperma effusum,0,0.6,,,1.7,12,Sun,20,1,Tingle_L12,1
40,Acacia pentadenia,2.3,7.4,3.7,4.7,2.85,12,Sun,20,1,Tingle_L12,1
40,Trymalium odoratissimum,9,14.8,10.8,13.8,4.5,12,Sun,20,1,Tingle_L12,1
40,Eucalyptus jacksonii,13.6,32.8,23.8,31,,12,Sun,20,1,Tingle_L12,1
45,Lepidosperma effusum,0,0.6,,,0.4,12,Sun,20,1,Tingle_L12,1
45,Allocasuarina decussata,5.46,16,7.8,13.6,7.2,12,Sun,20,1,Tingle_L12,1
45,Eucalyptus jacksonii,13.6,32.8,23.8,31,,12,Sun,20,1,Tingle_L12,1
50,Lepidosperma effusum,0,0.6,,,0.9,12,Sun,20,1,Tingle_L12,1
50,Chorilaena quercifolia,2.3,7.5,2.2,6.3,1.8,12,Sun,20,1,Tingle_L12,1
50,Allocasuarina decussata,6.86,19,9.8,17.4,8,12,Sun,20,1,Tingle_L12,1
5,Acacia pentadenia,0.9,5.3,1.5,3.4,2,13,Shade,89,1,Tingle_S13,0
5,Allocasuarina decussata,4.2,13.6,6,10.4,4.1,13,Shade,89,1,Tingle_S13,0
5,Eucalyptus diversicolor,22.4,43,31.2,38.6,14,13,Shade,89,1,Tingle_S13,0
10,Lepidosperma effusum,0,1.4,0,1.4,9.7,13,Shade,89,1,Tingle_S13,0
10,Acacia pentadenia,0.9,5.3,1.5,3.4,2,13,Shade,89,1,Tingle_S13,0
10,Eucalyptus jacksonii,15.2,23.8,19,23.8,3.7,13,Shade,89,1,Tingle_S13,0
10,Eucalyptus diversicolor,22.4,43,31.2,38.6,,13,Shade,89,1,Tingle_S13,0
15,Lasiopetalum floribundum,0.4,1.4,1,1.4,2.4,13,Shade,89,1,Tingle_S13,0
15,Acacia pentadenia,0.7,7.5,2.9,4.5,2,13,Shade,89,1,Tingle_S13,0
15,Eucalyptus jacksonii shade,12,15.6,12,13.8,6.2,13,Shade,89,1,Tingle_S13,0
15,Eucalyptus diversicolor,28.2,36.4,28.2,34,7.2,13,Shade,89,1,Tingle_S13,0
20,Acacia pentadenia,0.9,7.1,2.4,3.8,2,13,Shade,89,1,Tingle_S13,0
20,Corymbia calophylla,15,18,15,17.2,5.5,13,Shade,89,1,Tingle_S13,0
25,Acacia pentadenia,0.9,7.1,2.4,3.8,2,13,Shade,89,1,Tingle_S13,0
25,Eucalyptus diversicolor,28.2,36.4,28.2,34,,13,Shade,89,1,Tingle_S13,0
30,Lepidosperma effusum,0,0.9,0,0.9,6.5,13,Shade,89,1,Tingle_S13,0
30,Acacia pentadenia,0.9,7.1,2.4,3.8,2,13,Shade,89,1,Tingle_S13,0
35,Lepidosperma effusum,0,0.6,0,0.6,13.2,13,Shade,89,1,Tingle_S13,0
35,Acacia pentadenia,0.8,6.1,3,4.9,2,13,Shade,89,1,Tingle_S13,0
35,Eucalyptus jacksonii,18.2,21.8,18.6,20,3.2,13,Shade,89,1,Tingle_S13,0
35,Eucalyptus jacksonii,16,31.5,20.2,28.6,6.9,13,Shade,89,2,Tingle_S13,0
40,Lepidosperma effusum,0,1.3,0,1.3,,13,Shade,89,1,Tingle_S13,0
40,Lasiopetalum floribundum,0.4,2.1,1.1,1.6,3.7,13,Shade,89,1,Tingle_S13,0
40,Acacia pentadenia,0.8,6.1,3,4.9,2,13,Shade,89,1,Tingle_S13,0
45,Lepidosperma effusum,0,0.8,0,0.8,,13,Shade,89,1,Tingle_S13,0
45,Lasiopetalum floribundum,0.5,2.9,1.5,2.4,3.1,13,Shade,89,1,Tingle_S13,0
45,Acacia pentadenia,2.3,5.9,2.6,4.7,2,13,Shade,89,1,Tingle_S13,0
50,Acacia pentadenia,2,4.7,2.9,3.9,2,13,Shade,89,1,Tingle_S13,0
50,Eucalyptus jacksonii,26.8,33,26.8,30.8,4.1,13,Shade,89,1,Tingle_S13,0
5,Thomasia sp. vasse,0.1,1.1,0.6,1,1.3,14,Sun,24,1,Tingle_L14,0
5,Acacia pentadenia,1.4,5.6,2.6,3.3,2,14,Sun,24,1,Tingle_L14,0
5,Eucalyptus guilfoylei,14,24.2,16,23.6,11.3,14,Sun,24,1,Tingle_L14,0
10,Lasiopetalum floribundum,0.2,1.2,0.9,1.4,5.7,14,Sun,24,1,Tingle_L14,0
10,Acacia pentadenia,0.8,6.2,3,4.8,2,14,Sun,24,1,Tingle_L14,0
10,Eucalyptus guilfoylei,13,22.6,13.8,20.4,7.7,14,Sun,24,1,Tingle_L14,0
15,Acacia pentadenia,1.2,5.5,2,4.3,2,14,Sun,24,1,Tingle_L14,0
15,Corymbia calophylla shade,13.2,18,13.6,16.8,5.7,14,Sun,24,1,Tingle_L14,0
20,Lepidosperma effusum,0,0.7,,,1.1,14,Sun,24,1,Tingle_L14,0
20,Acacia pentadenia,0.9,5.2,2.5,3.7,2,14,Sun,24,1,Tingle_L14,0
25,Lomandra pauciflora,0.1,0.9,0.1,0.8,1.5,14,Sun,24,1,Tingle_L14,0
25,Crowea angustifolia,0.8,2.1,0.9,1.5,1.6,14,Sun,24,1,Tingle_L14,0
25,Acacia pentadenia,1.2,6.4,2.2,3.3,2,14,Sun,24,1,Tingle_L14,0
25,Eucalyptus guilfoylei shade,6.2,13,8.6,13,14.6,14,Sun,24,1,Tingle_L14,0
25,Corymbia calophylla,14.2,27.6,21.6,25.8,16.8,14,Sun,24,1,Tingle_L14,0
30,Eucalyptus guilfoylei shade,6.2,13,8.6,13,,14,Sun,24,1,Tingle_L14,0
35,Taxandria parviceps,0.9,3.6,2.4,3.1,15.4,14,Sun,24,1,Tingle_L14,0
35,Eucalyptus guilfoylei,13,27.6,19,23.2,11.4,14,Sun,24,1,Tingle_L14,0
40,Corymbia calophylla,13.2,17.8,14.2,16.4,10.3,14,Sun,24,1,Tingle_L14,0
40,Eucalyptus guilfoylei,13,27.6,19,23.2,,14,Sun,24,1,Tingle_L14,0
45,Lepidosperma effusum,0,1.2,,,2.2,14,Sun,24,1,Tingle_L14,0
45,Acacia pentadenia,1.2,6.4,3.1,4.2,2,14,Sun,24,1,Tingle_L14,0
45,Eucalyptus jacksonii,17.4,21.4,19.2,20.8,5.8,14,Sun,24,1,Tingle_L14,0
50,Acacia pentadenia,0.9,5.7,2.6,4.1,2,14,Sun,24,1,Tingle_L14,0
50,Allocasuarina decussata,6,16.2,8.2,15.8,8,14,Sun,24,1,Tingle_L14,0
50,Corymbia calophylla,15.4,23.4,15.4,20.2,14.6,14,Sun,24,1,Tingle_L14,0
5,Acacia pentadenia,7,9.4,8,9.4,2,15,Sun,26,1,Tingle_L15,0
5,Trymalium odoratissimum,5,11.4,8.2,8.8,18.7,15,Sun,26,1,Tingle_L15,0
5,Eucalyptus diversicolor,21.4,46.4,24.6,41.6,18,15,Sun,26,1,Tingle_L15,0
10,Hibbertia cuneiformis,0.6,1.1,1,1,0.8,15,Sun,26,1,Tingle_L15,0
10,Eucalyptus diversicolor,21.4,46.4,24.6,41.6,,15,Sun,26,1,Tingle_L15,0
15,Acacia pentadenia,5.4,8,6.8,7,2,15,Sun,26,1,Tingle_L15,0
15,Trymalium odoratissimum,5.6,12.2,8.8,10.8,,15,Sun,26,1,Tingle_L15,0
15,Eucalyptus diversicolor,21.4,46.4,24.6,41.6,,15,Sun,26,1,Tingle_L15,0
20,Lepidosperma effusum,0,0.6,0,0.6,23.3,15,Sun,26,1,Tingle_L15,0
20,Acacia pentadenia,5.4,8,6.8,7,2,15,Sun,26,1,Tingle_L15,0
20,Trymalium odoratissimum,7,13,8.8,11.4,,15,Sun,26,1,Tingle_L15,0
25,Lepidosperma effusum,0,0.6,0,0.6,,15,Sun,26,1,Tingle_L15,0
25,Acacia pentadenia,5.6,10.4,7.2,9.4,2,15,Sun,26,1,Tingle_L15,0
30,Lepidosperma effusum,0,0.7,0,0.7,,15,Sun,26,1,Tingle_L15,0
30,Trymalium odoratissimum,4.3,11.4,4.9,10.4,15.3,15,Sun,26,1,Tingle_L15,0
30,Eucalyptus jacksonii,13,35.4,22,35,34.5,15,Sun,26,1,Tingle_L15,0
35,Lepidosperma effusum,0,0.7,0,0.7,,15,Sun,26,1,Tingle_L15,0
35,Acacia pentadenia,5.6,10.4,7.2,9.4,4,15,Sun,26,1,Tingle_L15,0
35,Trymalium odoratissimum,4.3,11.4,4.9,10.4,,15,Sun,26,1,Tingle_L15,0
35,Eucalyptus jacksonii,13,35.4,22,35,,15,Sun,26,1,Tingle_L15,0
40,Lepidosperma effusum,0,0.6,0,0.6,,15,Sun,26,1,Tingle_L15,0
40,Trymalium odoratissimum,4.3,11.4,4.9,10.4,,15,Sun,26,1,Tingle_L15,0
40,Eucalyptus jacksonii,13,35.4,22,35,,15,Sun,26,1,Tingle_L15,0
45,Lepidosperma effusum,0,0.6,0,0.6,1.9,15,Sun,26,1,Tingle_L15,0
45,Acacia pentadenia,5,7.8,6.6,7.2,2,15,Sun,26,1,Tingle_L15,0
45,Trymalium odoratissimum,4.3,11.4,4.9,10.4,,15,Sun,26,1,Tingle_L15,0
45,Eucalyptus jacksonii,13.4,36,26.2,32.8,12.5,15,Sun,26,1,Tingle_L15,0
50,Acacia pentadenia,5.6,10.2,7.6,9.2,2,15,Sun,26,1,Tingle_L15,0
50,Eucalyptus jacksonii,21,36.2,21,35.4,26.5,15,Sun,26,1,Tingle_L15,0
5,Lepidosperma effusum,0,0.8,0,0.8,5.4,16,Sun,28,1,Tingle_L16,0
5,Chorilaena quercifolia,1.8,6,1.6,3.2,5,16,Sun,28,1,Tingle_L16,0
5,Eucalyptus jacksonii shade,6.4,10.6,7.4,10.2,4.8,16,Sun,28,1,Tingle_L16,0
10,Lepidosperma effusum,0,0.5,0,0.5,1.2,16,Sun,28,1,Tingle_L16,0
10,Allocasuarina decussata,4.9,14.4,7,10.8,6.7,16,Sun,28,1,Tingle_L16,0
10,Eucalyptus jacksonii,25.2,46.8,25.2,39.2,16.3,16,Sun,28,1,Tingle_L16,0
15,Lepidosperma effusum,0,0.7,0,0.7,3.3,16,Sun,28,1,Tingle_L16,0
15,Allocasuarina decussata,4.34,10.2,6.2,8.6,4.9,16,Sun,28,1,Tingle_L16,0
15,Eucalyptus jacksonii,13.8,24.6,18.2,23,10.3,16,Sun,28,1,Tingle_L16,0
20,Lepidosperma effusum,0,0.6,0,0.6,5.8,16,Sun,28,1,Tingle_L16,0
20,Eucalyptus jacksonii,13.8,24.6,18.2,23,,16,Sun,28,1,Tingle_L16,0
25,Lepidosperma effusum,0,0.3,0,0.3,1.3,16,Sun,28,1,Tingle_L16,0
25,Allocasuarina decussata,4.06,14,5.8,10.8,5,16,Sun,28,1,Tingle_L16,0
25,Allocasuarina decussata,7.2,17,8,15,5,16,Sun,28,1,Tingle_L16,
30,Lepidosperma effusum,0,0.6,0,0.6,2.5,16,Sun,28,1,Tingle_L16,0
30,Crowea angustifolia,0.6,1.7,1.2,1.5,2,16,Sun,28,1,Tingle_L16,0
30,Allocasuarina decussata,7.2,17,8,15,5,16,Sun,28,1,Tingle_L16,0
35,Lepidosperma effusum,0,0.6,0,0.6,2.1,16,Sun,28,1,Tingle_L16,0
35,Allocasuarina decussata,7.2,17,8,15,5,16,Sun,28,1,Tingle_L16,0
35,Eucalyptus jacksonii,19,45,19,38,28.6,16,Sun,28,1,Tingle_L16,0
40,Lepidosperma effusum,0,0.7,0,0.7,7.5,16,Sun,28,1,Tingle_L16,0
40,Eucalyptus jacksonii,19,45,19,38,,16,Sun,28,1,Tingle_L16,0
45,Boronia gracilipes,0.5,1.5,0.5,0.8,1.1,16,Sun,28,1,Tingle_L16,0
45,Eucalyptus jacksonii,19,45,19,38,,16,Sun,28,1,Tingle_L16,0
50,Lepidosperma effusum,0,0.7,0,0.7,1.4,16,Sun,28,1,Tingle_L16,0
50,Eucalyptus jacksonii,19,45,19,38,,16,Sun,28,1,Tingle_L16,0
5,Lepidosperma effusum,0,0.7,0,0.7,24,17,Shade,93,1,Tingle_S17,1
5,Acacia pentadenia,2.3,7,4.3,5.5,2,17,Shade,93,1,Tingle_S17,1
5,Eucalyptus jacksonii,19,34,22,30,4.1,17,Shade,93,1,Tingle_S17,1
10,Lepidosperma effusum,0,0.7,0,0.7,,17,Shade,93,1,Tingle_S17,1
10,Acacia pentadenia,2.1,6.3,3.2,5.3,2,17,Shade,93,1,Tingle_S17,1
10,Eucalyptus jacksonii,11,23,16,18.4,2.6,17,Shade,93,1,Tingle_S17,1
15,Lepidosperma effusum,0,0.7,0,0.7,,17,Shade,93,1,Tingle_S17,1
15,Acacia pentadenia,2.1,6.3,3.2,5.3,2,17,Shade,93,1,Tingle_S17,1
15,Eucalyptus jacksonii,10,24.4,14.2,19.8,4.5,17,Shade,93,1,Tingle_S17,1
20,Lepidosperma effusum,0,0.7,0,0.7,,17,Shade,93,1,Tingle_S17,1
20,Allocasuarina decussata,1.9,4.6,2.4,4,2.7,17,Shade,93,1,Tingle_S17,1
20,Acacia pentadenia,2,7.3,2.3,4,2,17,Shade,93,1,Tingle_S17,1
20,Eucalyptus jacksonii shade,10.6,17.2,12.2,14.6,4,17,Shade,93,1,Tingle_S17,1
20,Eucalyptus jacksonii,11,33.8,17,20.2,9,17,Shade,93,2,Tingle_S17,1
25,Lepidosperma effusum,0,0.8,0,0.8,,17,Shade,93,1,Tingle_S17,1
25,Acacia pentadenia,3,8.4,4.2,5.9,2,17,Shade,93,1,Tingle_S17,1
25,Eucalyptus jacksonii,11.6,28,14.4,18.2,7.2,17,Shade,93,1,Tingle_S17,1
30,Lepidosperma effusum,0,0.7,0,0.7,7.5,17,Shade,93,1,Tingle_S17,1
30,Acacia pentadenia,3,8.4,4.2,5.9,2,17,Shade,93,1,Tingle_S17,1
35,Lepidosperma effusum,0,0.7,0,0.7,,17,Shade,93,1,Tingle_S17,1
35,Acacia pentadenia,3,8.4,4.2,5.9,2,17,Shade,93,1,Tingle_S17,1
35,Eucalyptus jacksonii shade,9.2,13.6,13,13,1.5,17,Shade,93,1,Tingle_S17,1
35,Allocasuarina decussata,8.4,19.8,12,15,11.1,17,Shade,93,1,Tingle_S17,1
35,Eucalyptus jacksonii,13.8,38.4,19,29,12.8,17,Shade,93,2,Tingle_S17,1
40,Lepidosperma effusum,0,0.6,0,0.6,6.6,17,Shade,93,1,Tingle_S17,1
40,Lasiopetalum floribundum,0.3,1.3,0.8,0.8,1.9,17,Shade,93,1,Tingle_S17,1
40,Acacia pentadenia,2.2,8.2,3.6,5.4,2,17,Shade,93,1,Tingle_S17,1
40,Eucalyptus jacksonii,13.8,38.4,19,29,,17,Shade,93,1,Tingle_S17,1
45,Lepidosperma effusum,0,0.5,0,0.5,,17,Shade,93,1,Tingle_S17,1
45,Trymalium odoratissimum,3.6,6.4,3.6,6.4,6.4,17,Shade,93,1,Tingle_S17,1
45,Acacia pentadenia,2.5,6.8,3.4,5.3,2,17,Shade,93,1,Tingle_S17,1
50,Chorilaena quercifolia,1.1,3.7,2.9,2.9,1.9,17,Shade,93,1,Tingle_S17,1
50,Trymalium odoratissimum,3.6,6.4,3.6,6.4,6.4,17,Shade,93,1,Tingle_S17,1
50,Eucalyptus jacksonii,6,18.8,11.4,11.4,4.8,17,Shade,93,1,Tingle_S17,1
5,Chorilaena quercifolia,1.6,5.2,2.8,5.2,5,19,Shade,95,1,Tingle_S19,1
5,Trymalium odoratissimum,2.7,10.4,4.3,5,16.9,19,Shade,95,1,Tingle_S19,1
5,Eucalyptus guilfoylei shade,9,11.4,9,10.2,2,19,Shade,95,1,Tingle_S19,1
5,Eucalyptus diversicolor,17,38.4,17,34,10.4,19,Shade,95,1,Tingle_S19,1
10,Agonis flexuosa,2.2,3.1,2.5,2.5,0.6,19,Shade,95,1,Tingle_S19,1
10,Chorilaena quercifolia,1.6,5.2,2.8,5.2,5,19,Shade,95,1,Tingle_S19,1
10,Trymalium odoratissimum,2.7,10.4,4.3,5,,19,Shade,95,1,Tingle_S19,1
10,Eucalyptus diversicolor,23.4,35.6,24.8,33.6,16.7,19,Shade,95,1,Tingle_S19,1
15,Trymalium odoratissimum,4.8,10,7,8.6,,19,Shade,95,1,Tingle_S19,1
15,Eucalyptus diversicolor,23.4,35.6,24.8,35.6,,19,Shade,95,1,Tingle_S19,1
20,Trymalium odoratissimum,3.1,7,4.9,5.9,28.9,19,Shade,95,1,Tingle_S19,1
20,Eucalyptus diversicolor,20.8,45,20.8,30.8,11.5,19,Shade,95,1,Tingle_S19,1
25,Trymalium odoratissimum,3.1,7,4.9,5.9,,19,Shade,95,1,Tingle_S19,1
25,Eucalyptus diversicolor shade,16.4,19.8,16.4,19.2,3.1,19,Shade,95,1,Tingle_S19,1
30,Chorilaena quercifolia,1.4,4.5,2.4,4.1,5,19,Shade,95,1,Tingle_S19,1
30,Trymalium odoratissimum,5.5,11.2,6.8,8.8,,19,Shade,95,1,Tingle_S19,1
30,Eucalyptus diversicolor,19.8,36,23.6,33.4,11.7,19,Shade,95,1,Tingle_S19,1
35,Trymalium odoratissimum,1.2,5.8,3.2,5.1,,19,Shade,95,1,Tingle_S19,1
40,Lepidosperma effusum,0,0.5,0,0.5,1.2,19,Shade,95,1,Tingle_S19,1
40,Trymalium odoratissimum,0.7,12.6,3.7,7.5,,19,Shade,95,1,Tingle_S19,1
40,Eucalyptus diversicolor,22.8,26,23.8,25,7.5,19,Shade,95,1,Tingle_S19,1
45,Trymalium odoratissimum,0.6,4.2,2.3,3.2,,19,Shade,95,1,Tingle_S19,1
45,Eucalyptus diversicolor,15.6,28.2,15.6,26.8,4.2,19,Shade,95,1,Tingle_S19,1
50,Lepidosperma effusum,0,0.5,0,0.5,0.9,19,Shade,95,1,Tingle_S19,1
50,Thomasia sp.,0.1,0.6,0.1,0.6,4,19,Shade,95,1,Tingle_S19,1
50,Eucalyptus guilfoylei,5.2,23.8,7,19.6,4.6,19,Shade,95,1,Tingle_S19,1
50,Eucalyptus diversicolor,14,27.8,25.2,27.8,5.6,19,Shade,95,1,Tingle_S19,1
5,Lepidosperma effusum,0,0.6,0,0.6,8.3,22,Sun,30,1,Tingle_L22,0
5,Eucalyptus jacksonii shade,11,13.6,7.5,13.6,2,22,Sun,30,1,Tingle_L22,0
5,Eucalyptus diversicolor,22.2,28.8,22.2,25.8,5,22,Sun,30,1,Tingle_L22,0
10,Lepidosperma effusum,0,1,0,1,,22,Sun,30,1,Tingle_L22,0
10,Eucalyptus diversicolor,26,31.6,26,29.6,2.7,22,Sun,30,1,Tingle_L22,0
15,Lepidosperma effusum,0,0.3,0,0.3,0.5,22,Sun,30,1,Tingle_L22,0
15,Trymalium odoratissimum,8.7,12.9,9.5,12.7,4.7,22,Sun,30,1,Tingle_L22,0
15,Eucalyptus jacksonii shade,10.8,13,12.8,12.8,4.2,22,Sun,30,1,Tingle_L22,0
20,Eucalyptus diversicolor,14,30.8,22.1,27.1,9,22,Sun,30,1,Tingle_L22,0
20,Eucalyptus diversicolor,24.4,31.2,26,28.4,8,22,Sun,30,2,Tingle_L22,0
25,Lepidosperma effusum,0,1,0,1,26.1,22,Sun,30,1,Tingle_L22,0
25,Allocasuarina decussata,3.5,11.6,5,11.4,4.1,22,Sun,30,1,Tingle_L22,0
25,Eucalyptus diversicolor,23.2,28.2,27.6,28.2,8,22,Sun,30,1,Tingle_L22,0
25,Eucalyptus diversicolor,14,30.8,22.1,27.1,,22,Sun,30,2,Tingle_L22,0
30,Lepidosperma effusum,0,0.7,0,0.7,,22,Sun,30,1,Tingle_L22,0
30,Trymalium odoratissimum,0.8,1.6,0.8,1.6,0.8,22,Sun,30,1,Tingle_L22,0
30,Eucalyptus diversicolor,20.8,33.2,26.4,31.4,11,22,Sun,30,1,Tingle_L22,0
35,Lepidosperma effusum,0,0.7,0,0.7,,22,Sun,30,1,Tingle_L22,0
35,Eucalyptus diversicolor,21.5,24.9,22.4,22.4,5.5,22,Sun,30,1,Tingle_L22,0
40,Lepidosperma effusum,0,0.3,0,0.3,,22,Sun,30,1,Tingle_L22,0
40,Trymalium odoratissimum,4,11.2,4.2,6.2,6.8,22,Sun,30,1,Tingle_L22,0
40,Eucalyptus diversicolor,16,26.8,16.6,22.2,13,22,Sun,30,1,Tingle_L22,0
45,Lepidosperma effusum,0,0.3,0,0.3,,22,Sun,30,1,Tingle_L22,0
45,Trymalium odoratissimum,1.8,9,2.6,7.8,7,22,Sun,30,1,Tingle_L22,0
45,Trymalium odoratissimum,4,11.2,4.2,6.2,,22,Sun,30,2,Tingle_L22,0
45,Eucalyptus diversicolor,16,26.8,16.6,22.2,,22,Sun,30,1,Tingle_L22,0
50,Lepidosperma effusum,0,1.3,0,1.3,,22,Sun,30,1,Tingle_L22,0
50,Trymalium odoratissimum,1.8,9,2.6,7.8,,22,Sun,30,1,Tingle_L22,0
50,Eucalyptus jacksonii,19.4,21.6,19.4,21.4,7.8,22,Sun,30,1,Tingle_L22,0
50,Eucalyptus diversicolor,16,26.8,16.6,22.2,,22,Sun,30,1,Tingle_L22,0
5,Allocasuarina decussata,2.6,6,3,5,1.6,22,Shade,99,1,Tingle_S22,1
5,Eucalyptus jacksonii,11.4,19.8,13,17.6,7.7,22,Shade,99,1,Tingle_S22,1
5,Eucalyptus diversicolor,15.8,25.8,17.6,22,7.5,22,Shade,99,1,Tingle_S22,1
10,Leucopogon verticillatus,1.4,2.9,1.4,2.3,4.5,22,Shade,99,1,Tingle_S22,1
10,Eucalyptus jacksonii,11.4,19.8,13,17.6,,22,Shade,99,1,Tingle_S22,1
15,Lepidosperma effusum,0,0.8,0,0.8,3.3,22,Shade,99,1,Tingle_S22,1
15,Eucalyptus jacksonii,18.8,25.8,18,24.8,5,22,Shade,99,1,Tingle_S22,1
20,Lepidosperma effusum,0,0.7,0,0.7,1,22,Shade,99,1,Tingle_S22,1
20,Chorilaena quercifolia,2.4,8,2.3,3.7,5,22,Shade,99,1,Tingle_S22,1
20,Eucalyptus jacksonii,13.8,20.4,13.8,18.6,3.7,22,Shade,99,1,Tingle_S22,1
25,Lepidosperma effusum,0,0.2,0,0.2,0.2,22,Shade,99,1,Tingle_S22,1
25,Allocasuarina decussata,5.2,16.8,5.2,14.4,6.7,22,Shade,99,1,Tingle_S22,1
25,Eucalyptus diversicolor,17.4,24.2,22.4,22.4,9.1,22,Shade,99,1,Tingle_S22,1
30,Chorilaena quercifolia,1.6,5.2,1.8,3.3,5,22,Shade,99,1,Tingle_S22,1
30,Allocasuarina decussata,3.6,10.2,5,8.6,7.5,22,Shade,99,1,Tingle_S22,1
30,Eucalyptus jacksonii shade,8.6,12.8,8.6,11.6,3.3,22,Shade,99,1,Tingle_S22,1
35,Lepidosperma effusum,0,0.7,0,0.7,3.1,22,Shade,99,1,Tingle_S22,1
35,Leucopogon verticillatus,1.8,3.3,1.8,2.8,8,22,Shade,99,1,Tingle_S22,1
35,Allocasuarina decussata,6.02,13.8,8.6,11.8,5,22,Shade,99,1,Tingle_S22,1
40,Lepidosperma effusum,0,0.8,0,0.8,3.9,22,Shade,99,1,Tingle_S22,1
40,Allocasuarina decussata,5.04,16.4,7.2,14,5,22,Shade,99,1,Tingle_S22,1
40,Eucalyptus guilfoylei,12,19.6,14.4,18.4,9.7,22,Shade,99,1,Tingle_S22,1
45,Lepidosperma effusum,0,0.7,0,0.7,2.8,22,Shade,99,1,Tingle_S22,1
45,Allocasuarina decussata,9.24,18.8,13.2,16.2,7,22,Shade,99,1,Tingle_S22,1
45,Eucalyptus guilfoylei,12,19.6,14.4,18.4,,22,Shade,99,1,Tingle_S22,1
50,Lepidosperma effusum,0,0.4,0,0.4,0.5,22,Shade,99,1,Tingle_S22,1
50,Allocasuarina decussata,4.48,14.4,6.4,12.2,5.7,22,Shade,99,1,Tingle_S22,1
50,Eucalyptus guilfoylei,13.8,20.8,14.6,19.2,6.5,22,Shade,99,1,Tingle_S22,1
5,Lepidosperma effusum,0,0.6,0,0.6,3.9,23,Sun,35,1,Tingle_L23,0
5,Allocasuarina decussata,5.2,12.8,5.2,10,6.3,23,Sun,35,1,Tingle_L23,0
5,Allocasuarina decussata,7.2,23,7.2,19.6,7.6,23,Sun,35,2,Tingle_L23,0
10,Lepidosperma effusum,0,0.4,0,0.4,1.2,23,Sun,35,1,Tingle_L23,0
10,Acacia pentadenia,3.2,5.2,4.5,4.5,1.7,23,Sun,35,1,Tingle_L23,0
10,Allocasuarina decussata,9.4,16,9.4,13.4,9,23,Sun,35,1,Tingle_L23,0
10,Eucalyptus jacksonii,12.8,19.4,15.6,17.8,4.1,23,Sun,35,1,Tingle_L23,0
10,Allocasuarina decussata,7.2,23,7.2,19.6,,23,Sun,35,2,Tingle_L23,0
15,Lepidosperma effusum,0,0.5,0,0.5,2.4,23,Sun,35,1,Tingle_L23,0
15,Allocasuarina decussata,9.4,16,9.4,13.4,,23,Sun,35,1,Tingle_L23,0
15,Eucalyptus jacksonii,15.2,27.4,15.2,22.2,6,23,Sun,35,1,Tingle_L23,0
15,Eucalyptus jacksonii,23,49.6,23,38.4,20.1,23,Sun,35,2,Tingle_L23,0
20,Lepidosperma effusum,0,0.3,0,0.3,0.4,23,Sun,35,1,Tingle_L23,0
20,Allocasuarina decussata,5.6,15.6,5.6,8.8,3.4,23,Sun,35,1,Tingle_L23,0
20,Eucalyptus jacksonii,23,49.6,23,38.4,,23,Sun,35,1,Tingle_L23,0
25,Lepidosperma effusum,0,0.3,0,0.3,10.5,23,Sun,35,1,Tingle_L23,0
25,Lasiopetalum floribundum,1.1,1.4,1.3,1.3,0.7,23,Sun,35,1,Tingle_L23,0
25,Acacia pentadenia,8.8,11.8,8.8,10.8,1.7,23,Sun,35,1,Tingle_L23,0
25,Eucalyptus jacksonii,15.8,44.2,15.8,33.8,19.7,23,Sun,35,1,Tingle_L23,0
25,Eucalyptus jacksonii,23,49.6,23,38.4,,23,Sun,35,2,Tingle_L23,0
30,Lepidosperma effusum,0,0.3,0,0.3,,23,Sun,35,1,Tingle_L23,0
30,Acacia pentadenia,1.5,7,3.3,5,4.9,23,Sun,35,1,Tingle_L23,0
30,Eucalyptus jacksonii,21.6,46.6,21.6,37,13.6,23,Sun,35,1,Tingle_L23,0
35,Lepidosperma effusum,0,0.5,0,0.5,,23,Sun,35,1,Tingle_L23,0
35,Acacia pentadenia,2.7,8.8,6.2,8.2,4.8,23,Sun,35,1,Tingle_L23,0
35,Acacia pentadenia,4.9,10,7.2,8.8,2.8,23,Sun,35,2,Tingle_L23,0
35,Eucalyptus jacksonii,21.6,46.6,21.6,37,,23,Sun,35,1,Tingle_L23,0
40,Lepidosperma effusum,0,0.2,0,0.2,10.7,23,Sun,35,1,Tingle_L23,0
40,Eucalyptus jacksonii,19,27,21,25,8.1,23,Sun,35,1,Tingle_L23,0
45,Lepidosperma effusum,0,0.3,0,0.3,,23,Sun,35,1,Tingle_L23,0
45,Allocasuarina decussata,5.2,15.4,6.4,11.4,8.7,23,Sun,35,1,Tingle_L23,0
45,Eucalyptus jacksonii,19,27,21,25,,23,Sun,35,1,Tingle_L23,0
50,Lepidosperma effusum,0,0.2,0,0.2,,23,Sun,35,1,Tingle_L23,0
50,Allocasuarina decussata,5.2,15.4,6.4,11.4,,23,Sun,35,1,Tingle_L23,0
50,Eucalyptus jacksonii,20.2,30.4,20.2,26,9,23,Sun,35,1,Tingle_L23,0
5,Lepidosperma effusum,0,0.5,0,0.5,27,23,Shade,103,1,Tingle_S23,1
5,Trymalium odoratissimum,2.5,8,6,6,1.7,23,Shade,103,1,Tingle_S23,1
5,Trymalium odoratissimum,7,8.4,7.6,7.6,2,23,Shade,103,2,Tingle_S23,1
5,Trymalium odoratissimum,7,9.4,7.4,8.6,2.5,23,Shade,103,3,Tingle_S23,1
5,Eucalyptus jacksonii,17.8,39,18.2,33.4,11.6,23,Shade,103,1,Tingle_S23,1
10,Lepidosperma effusum,0,0.5,0,0.5,,23,Shade,103,1,Tingle_S23,1
10,Trymalium odoratissimum,7,11.8,7.2,11.6,3.4,23,Shade,103,1,Tingle_S23,1
10,Eucalyptus jacksonii,10.6,39.2,18.6,26.4,15.8,23,Shade,103,1,Tingle_S23,1
15,Lepidosperma effusum,0,0.8,0,0.8,,23,Shade,103,1,Tingle_S23,1
15,Trymalium odoratissimum,3.7,14.4,7,10.8,6.3,23,Shade,103,1,Tingle_S23,1
15,Eucalyptus jacksonii,10.6,39.2,18.6,26.4,,23,Shade,103,1,Tingle_S23,1
20,Lepidosperma effusum,0,0.7,0,0.7,,23,Shade,103,1,Tingle_S23,1
20,Acacia pentadenia,1.7,6.6,4,5.1,6.8,23,Shade,103,1,Tingle_S23,1
20,Eucalyptus jacksonii,20.2,38.6,20.2,32,15.5,23,Shade,103,1,Tingle_S23,1
25,Lepidosperma effusum,0,1,0,1,,23,Shade,103,1,Tingle_S23,1
25,Eucalyptus jacksonii shade,8.4,13.6,8.4,11.2,4,23,Shade,103,1,Tingle_S23,1
30,Lepidosperma effusum,0,0.3,0,0.3,0.4,23,Shade,103,1,Tingle_S23,1
30,Trymalium odoratissimum,5.5,10.8,8.5,9.6,3,23,Shade,103,1,Tingle_S23,1
30,Trymalium odoratissimum,6,14.2,9,14,4.2,23,Shade,103,2,Tingle_S23,1
30,Eucalyptus diversicolor,21.8,44.4,27,38,21,23,Shade,103,1,Tingle_S23,1
35,Trymalium odoratissimum,5.7,12.4,10.2,10.8,2.5,23,Shade,103,1,Tingle_S23,1
35,Eucalyptus diversicolor,21.6,46,21.6,36.8,25.2,23,Shade,103,1,Tingle_S23,1
40,Chorilaena quercifolia,1,3.2,1.6,2.8,2.2,23,Shade,103,1,Tingle_S23,1
40,Trymalium odoratissimum,6.5,11,7.5,10.2,3.5,23,Shade,103,1,Tingle_S23,1
40,Eucalyptus diversicolor,21.6,46,21.6,36.8,,23,Shade,103,1,Tingle_S23,1
45,Chorilaena quercifolia,2.4,8,4.1,5.5,5,23,Shade,103,1,Tingle_S23,1
45,Eucalyptus diversicolor,21.6,46,21.6,36.8,,23,Shade,103,1,Tingle_S23,1
50,Lepidosperma effusum,0,0.4,0,0.4,2,23,Shade,103,1,Tingle_S23,1
50,Trymalium odoratissimum,1.5,5.3,4.2,4.2,1,23,Shade,103,1,Tingle_S23,1
50,Trymalium odoratissimum,6,12,7,11,4,23,Shade,103,2,Tingle_S23,1
50,Eucalyptus diversicolor,23.2,34,23.2,28.8,9.5,23,Shade,103,1,Tingle_S23,1
50,Eucalyptus jacksonii,11.6,34.2,16.8,27,7.5,23,Shade,103,1,Tingle_S23,1
5,Trymalium odoratissimum,6,12.2,6,10.6,27,25,Sun,39,1,Tingle_L25,1
5,Eucalyptus diversicolor,17.6,59.2,23,45.8,15.4,25,Sun,39,1,Tingle_L25,1
10,Trymalium odoratissimum,1.2,2.9,1.9,2.4,1.45,25,Sun,39,1,Tingle_L25,1
10,Trymalium odoratissimum,4.3,9.5,6,8,,25,Sun,39,2,Tingle_L25,1
10,Eucalyptus diversicolor,17.6,59.2,23,45.8,15.4,25,Sun,39,1,Tingle_L25,1
15,Chorilaena quercifolia,1,3.4,1.8,2.7,1.5,25,Sun,39,1,Tingle_L25,1
15,Acacia pentadenia,3,6.2,4.1,4.7,2.5,25,Sun,39,1,Tingle_L25,1
15,Trymalium odoratissimum,4.2,8,4.2,6.4,,25,Sun,39,1,Tingle_L25,1
15,Eucalyptus diversicolor,19.2,65.4,27.8,64.6,33,25,Sun,39,1,Tingle_L25,1
20,Trymalium odoratissimum,4.2,8,4.2,7.2,,25,Sun,39,1,Tingle_L25,1
20,Eucalyptus jacksonii,11.6,20,11.6,19.8,6.7,25,Sun,39,1,Tingle_L25,1
20,Eucalyptus diversicolor,19.2,65.4,27.8,64.6,,25,Sun,39,1,Tingle_L25,1
25,Chorilaena quercifolia,1.4,4.8,2.4,3.6,3.5,25,Sun,39,1,Tingle_L25,1
25,Acacia pentadenia,4,7,5.2,5.5,2,25,Sun,39,1,Tingle_L25,1
25,Trymalium odoratissimum,3.5,10,5.8,9.6,,25,Sun,39,1,Tingle_L25,1
25,Eucalyptus diversicolor,14.4,26.2,14.4,24.4,16.6,25,Sun,39,1,Tingle_L25,1
25,Eucalyptus diversicolor,19.2,65.4,27.8,64.6,,25,Sun,39,2,Tingle_L25,1
30,Chorilaena quercifolia,1.1,3.7,2.3,3.1,3.5,25,Sun,39,1,Tingle_L25,1
30,Acacia pentadenia,3.8,5.3,3.9,4.6,2,25,Sun,39,1,Tingle_L25,1
30,Trymalium odoratissimum,5.1,7,5.1,6,,25,Sun,39,1,Tingle_L25,1
30,Trymalium odoratissimum,5,13,6,10,25,25,Sun,39,2,Tingle_L25,1
30,Eucalyptus diversicolor shade,8.8,17.4,9.6,16.4,6.8,25,Sun,39,1,Tingle_L25,1
30,Eucalyptus diversicolor,14.4,26.2,14.4,24.4,,25,Sun,39,2,Tingle_L25,1
35,Acacia pentadenia,6,8.4,8.2,8.2,2,25,Sun,39,1,Tingle_L25,1
35,Trymalium odoratissimum,1.7,9,5,7,,25,Sun,39,1,Tingle_L25,1
35,Eucalyptus diversicolor shade,8.8,17.4,9.6,16.4,,25,Sun,39,1,Tingle_L25,1
35,Eucalyptus diversicolor,14.4,26.2,14.4,24.4,,25,Sun,39,2,Tingle_L25,1
40,Lepidosperma effusum,0,0.4,0,0.4,0.8,25,Sun,39,1,Tingle_L25,1
40,Acacia pentadenia,2.5,4.1,3.8,3.8,1,25,Sun,39,2,Tingle_L25,1
40,Acacia pentadenia,6,10,7,9,2,25,Sun,39,1,Tingle_L25,1
40,Trymalium odoratissimum,8,11,8,10,,25,Sun,39,1,Tingle_L25,1
45,Acacia pentadenia,3.2,10,5,9,2,25,Sun,39,1,Tingle_L25,1
45,Trymalium odoratissimum,8,11,8,10,,25,Sun,39,1,Tingle_L25,1
50,Lepidosperma effusum,0,0.5,0,0.5,0.6,25,Sun,39,1,Tingle_L25,1
50,Acacia pentadenia,3.6,5.1,4.2,5.1,2,25,Sun,39,1,Tingle_L25,1
50,Trymalium odoratissimum,7,14,9,13,25,25,Sun,39,1,Tingle_L25,1
50,Eucalyptus diversicolor,18.2,39.4,25,37,9.2,25,Sun,39,1,Tingle_L25,1
5,Crowea angustifolia,0.9,2.5,1,1.3,2,25,Sun,88,1,Tingle_S12,0
5,Acacia pentadenia,1.8,4.6,2.3,3.4,2,25,Sun,88,1,Tingle_S12,0
5,Trymalium odoratissimum,3,7.5,3.5,4.5,7.3,25,Sun,88,1,Tingle_S12,0
5,Eucalyptus guilfoylei,9.4,21.8,16,19.4,6.2,25,Sun,88,1,Tingle_S12,0
5,Eucalyptus guilfoylei,17.2,39.4,20,34.8,23,25,Sun,88,2,Tingle_S12,0
10,Crowea angustifolia,0.5,2.5,1.2,1.5,1.5,25,Sun,88,1,Tingle_S12,0
10,Acacia pentadenia,1.6,3.8,2.3,3.7,2,25,Sun,88,1,Tingle_S12,0
15,Bossiaea aquifolium,0.4,1.7,0.9,1.6,1,25,Sun,88,1,Tingle_S12,0
15,Acacia pentadenia,0.8,3,1.6,2.5,2,25,Sun,88,1,Tingle_S12,0
15,Trymalium odoratissimum,3,14.2,4.6,10.4,6.7,25,Sun,88,1,Tingle_S12,0
15,Agonis flexuosa,13,27.2,15.6,24.4,8.1,25,Sun,88,1,Tingle_S12,0
20,Lepidosperma effusum,0,0.5,0,0.5,1.1,25,Sun,88,1,Tingle_S12,0
20,Acacia pentadenia,1.5,4.3,2,2.5,2,25,Sun,88,1,Tingle_S12,0
20,Eucalyptus guilfoylei,10.4,20.8,13.4,20,9.1,25,Sun,88,1,Tingle_S12,0
25,Acacia pentadenia,1.5,5.7,1.9,3.4,2,25,Sun,88,1,Tingle_S12,0
25,Eucalyptus guilfoylei,10.4,20.8,13.4,20,,25,Sun,88,1,Tingle_S12,0
30,Lepidosperma effusum,0,0.5,0,0.5,1.2,25,Sun,88,1,Tingle_S12,0
30,Acacia pentadenia,1.2,4.5,2,3.4,2,25,Sun,88,1,Tingle_S12,0
30,Eucalyptus guilfoylei,11,22.2,11.4,19.8,8.1,25,Sun,88,1,Tingle_S12,0
30,Eucalyptus marginata,18.8,27.8,23.6,25.6,11.1,25,Sun,88,1,Tingle_S12,0
35,Lepidosperma effusum,0,0.4,0,0.4,1.1,25,Sun,88,1,Tingle_S12,0
35,Bossiaea aquifolium,0.2,2.9,1.6,2.6,2.3,25,Sun,88,1,Tingle_S12,0
35,Acacia pentadenia,0.7,3.9,1.9,2.7,2,25,Sun,88,1,Tingle_S12,0
35,Eucalyptus marginata,18.8,27.8,23.6,25.6,,25,Sun,88,1,Tingle_S12,0
40,Eucalyptus jacksonii,10,23,14.2,22.2,8.7,25,Sun,88,1,Tingle_S12,0
40,Agonis flexuosa,10.8,27,14,26,10.9,25,Sun,88,1,Tingle_S12,0
45,Bossiaea aquifolium,1.3,2.7,1.8,2.7,1.7,25,Sun,88,1,Tingle_S12,0
45,Agonis flexuosa,13.4,23.2,16.2,21.2,,25,Sun,88,1,Tingle_S12,0
50,Lepidosperma effusum,0,0.7,0,0.7,3.9,25,Sun,88,1,Tingle_S12,0
50,Acacia pentadenia,0.8,7.2,2.8,6.2,3.4,25,Sun,88,1,Tingle_S12,0
50,Corymbia calophylla shade,6.2,9.8,6.6,8.8,3.1,25,Sun,88,1,Tingle_S12,0
5,Lepidosperma effusum,0,0.2,0,0.2,6,31,Shade,106,1,Tingle_S31,0
5,Lasiopetalum floribundum,0.2,0.35,0.2,0.35,0.4,31,Shade,106,1,Tingle_S31,0
5,Eucalyptus jacksonii,12.8,24.8,15.2,20,7,31,Shade,106,1,Tingle_S31,0
5,Eucalyptus diversicolor,16.4,40.4,23.8,37.6,17.8,31,Shade,106,1,Tingle_S31,0
10,Lasiopetalum floribundum,0.1,0.65,0.1,0.65,1.7,31,Shade,106,1,Tingle_S31,0
10,Allocasuarina decussata,1.82,9,2.6,5.6,5.8,31,Shade,106,1,Tingle_S31,0
10,Eucalyptus jacksonii,12.8,24.8,15.2,20,,31,Shade,106,1,Tingle_S31,0
10,Eucalyptus diversicolor,17.8,30.4,20,25.2,9.8,31,Shade,106,1,Tingle_S31,0
15,Eucalyptus jacksonii,8.6,27.4,12.6,14.4,11.3,31,Shade,106,1,Tingle_S31,0
15,Eucalyptus diversicolor,18.6,36.6,20.2,34.6,17.2,31,Shade,106,1,Tingle_S31,0
20,Allocasuarina decussata,2.38,10.2,3.4,7.6,4.5,31,Shade,106,1,Tingle_S31,0
20,Eucalyptus jacksonii,17.8,30.4,20,25.2,13.4,31,Shade,106,1,Tingle_S31,0
20,Eucalyptus diversicolor,17,36.6,20.2,34.6,,31,Shade,106,1,Tingle_S31,0
25,Lepidosperma effusum,0,0.5,0,0.5,4.4,31,Shade,106,1,Tingle_S31,0
25,Eucalyptus diversicolor,18.6,36.6,20.2,34.6,,31,Shade,106,1,Tingle_S31,0
25,Corymbia calophylla,14.8,39.8,21,36,20.5,31,Shade,106,1,Tingle_S31,0
30,Gahnia decomposita,0,1.7,0.5,1.3,3,31,Shade,106,1,Tingle_S31,0
30,Corymbia calophylla,14.8,39.8,21,36,,31,Shade,106,1,Tingle_S31,0
35,Pteridium esculentum,0.3,0.65,0.3,0.65,0.4,31,Shade,106,1,Tingle_S31,0
35,Corymbia calophylla,3.6,14.2,6.6,14.2,3.2,31,Shade,106,1,Tingle_S31,0
35,Corymbia calophylla,14.8,39.8,21,36,,31,Shade,106,2,Tingle_S31,0
40,Lepidosperma effusum,0,0.6,0,0.6,5,31,Shade,106,1,Tingle_S31,0
40,Thomasia paniculata,0.1,1.25,0.5,1,8.5,31,Shade,106,1,Tingle_S31,0
40,Corymbia calophylla,9.2,19.4,13.8,19.4,7.3,31,Shade,106,1,Tingle_S31,0
45,Lepidosperma effusum,0,0.7,0,0.7,5.5,31,Shade,106,1,Tingle_S31,0
45,Thomasia paniculata,0.1,1.25,0.5,1,,31,Shade,106,1,Tingle_S31,0
45,Corymbia calophylla,9.2,19.4,13.8,19.4,,31,Shade,106,1,Tingle_S31,0
45,Eucalyptus diversicolor,20.4,31.2,20.4,27.4,16.9,31,Shade,106,1,Tingle_S31,0
50,Lepidosperma effusum,0,0.6,0,0.6,0.7,31,Shade,106,1,Tingle_S31,0
50,Lasiopetalum floribundum,0,0.85,0.2,0.5,3.7,31,Shade,106,1,Tingle_S31,0
50,Allocasuarina decussata,3.36,8.8,4.8,8,5.3,31,Shade,106,1,Tingle_S31,0
50,Eucalyptus jacksonii,5.2,16.2,11.6,16.2,7.2,31,Shade,106,1,Tingle_S31,0
5,Chorilaena quercifolia,1,3.2,2,2.6,5,33,Sun,51,1,Tingle_L33,2
5,Allocasuarina decussata,3,6.2,4.2,5.5,3,33,Sun,51,1,Tingle_L33,2
5,Eucalyptus diversicolor,19,23,19,22,6.3,33,Sun,51,1,Tingle_L33,2
10,Acacia pentadenia,1.4,4.2,1.6,2.7,2.6,33,Sun,51,1,Tingle_L33,2
15,Allocasuarina decussata,3.78,11.4,5.4,8.2,3.3,33,Sun,51,1,Tingle_L33,2
15,Eucalyptus diversicolor,24.6,41,35,40,14.3,33,Sun,51,1,Tingle_L33,2
20,Allocasuarina decussata,0.91,2.5,1.3,1.3,2.3,33,Sun,51,1,Tingle_L33,2
20,Chorilaena quercifolia,1,3.2,1.1,2.1,5,33,Sun,51,1,Tingle_L33,2
20,Eucalyptus jacksonii,13,39,20,36.8,12.1,33,Sun,51,1,Tingle_L33,2
25,Chorilaena quercifolia,1,3.4,1,2.3,5,33,Sun,51,1,Tingle_L33,2
25,Eucalyptus jacksonii shade,4.6,7.6,2.2,6.6,2.8,33,Sun,51,1,Tingle_L33,2
25,Eucalyptus jacksonii,13,39,20,36.8,,33,Sun,51,2,Tingle_L33,2
30,Chorilaena quercifolia,0.9,2.9,1.4,2.2,2.8,33,Sun,51,1,Tingle_L33,2
30,Trymalium odoratissimum,0.7,11,3.1,9,7.3,33,Sun,51,1,Tingle_L33,2
30,Eucalyptus diversicolor shade,9,19.6,18.2,18.2,2.2,33,Sun,51,1,Tingle_L33,2
30,Eucalyptus jacksonii,22.8,40.4,26.4,35.2,17.5,33,Sun,51,1,Tingle_L33,2
30,Eucalyptus diversicolor,21.4,43,28.8,41,16.8,33,Sun,51,2,Tingle_L33,2
35,Acacia pentadenia,6,10,7.2,8,6.4,33,Sun,51,1,Tingle_L33,2
35,Eucalyptus jacksonii,22.8,40.4,26.4,35.2,,33,Sun,51,1,Tingle_L33,2
40,Chorilaena quercifolia,1.8,6,1.2,4.5,5,33,Sun,51,1,Tingle_L33,2
40,Trymalium odoratissimum,5.8,9.2,6.6,7.8,3.7,33,Sun,51,1,Tingle_L33,2
40,Acacia pentadenia,6,10,7.2,8,,33,Sun,51,1,Tingle_L33,2
40,Eucalyptus jacksonii,22.8,40.4,26.4,35.2,,33,Sun,51,1,Tingle_L33,2
45,Trymalium odoratissimum,7,12.4,10,11.8,7.1,33,Sun,51,1,Tingle_L33,2
45,Eucalyptus jacksonii,17.8,24.2,19.4,23,7.1,33,Sun,51,1,Tingle_L33,2
45,Eucalyptus jacksonii,22.8,40.4,26.4,35.2,,33,Sun,51,2,Tingle_L33,2
50,Chorilaena quercifolia,0.9,3,1.2,2.2,3.7,33,Sun,51,1,Tingle_L33,2
50,Allocasuarina decussata,6.4,16.4,9,15.8,6.2,33,Sun,51,1,Tingle_L33,2
50,Eucalyptus jacksonii,17.8,24.2,19.4,23,,33,Sun,51,1,Tingle_L33,2
50,Eucalyptus diversicolor,23.2,32,23.2,31,12.3,33,Sun,51,1,Tingle_L33,2
5,Lepidosperma effusum,0,0.6,0,0.6,11.6,33,Shade,112,1,Tingle_S33,0
5,Acacia pentadenia,1.7,6.3,3.3,5,2.8,33,Shade,112,1,Tingle_S33,0
5,Eucalyptus jacksonii,20,33.8,23.8,33,10.6,33,Shade,112,1,Tingle_S33,0
10,Lepidosperma effusum,0,0.6,0,0.6,,33,Shade,112,1,Tingle_S33,0
10,Eucalyptus jacksonii,22.2,38.2,32,37.6,15.3,33,Shade,112,1,Tingle_S33,0
15,Lepidosperma effusum,0,0.6,0,0.6,4.5,33,Shade,112,1,Tingle_S33,0
15,Acacia pentadenia,0.8,2.7,0.9,1.4,1.934090909,33,Shade,112,1,Tingle_S33,0
20,Lepidosperma effusum,0,1,0,1,6.8,33,Shade,112,1,Tingle_S33,0
20,Acacia pentadenia,3.2,4.4,3.2,4.2,3.1,33,Shade,112,1,Tingle_S33,0
20,Eucalyptus diversicolor,17.4,35.6,25,30,15.82990126,33,Shade,112,1,Tingle_S33,0
25,Eucalyptus jacksonii,12.8,30.4,25.6,28.2,12.8,33,Shade,112,1,Tingle_S33,0
30,Pteridium esculentum,1,1.1,1,1.1,1.2,33,Shade,112,1,Tingle_S33,0
30,Eucalyptus jacksonii,12.8,30.4,25.6,28.2,,33,Shade,112,1,Tingle_S33,0
35,Eucalyptus jacksonii,15,31.2,25.8,28.8,7.5,33,Shade,112,1,Tingle_S33,0
40,Lepidosperma effusum,0,0.7,0,0.7,2.6,33,Shade,112,1,Tingle_S33,0
40,Taxandria parviceps,2,3,2,2.5,2.6,33,Shade,112,1,Tingle_S33,0
40,Eucalyptus jacksonii,16.8,28.2,22.6,22.6,7.4,33,Shade,112,1,Tingle_S33,0
45,Pteridium esculentum,1.1,1.5,1.1,1.1,2.2,33,Shade,112,1,Tingle_S33,0
45,Eucalyptus jacksonii,16.8,28.2,22.6,22.6,,33,Shade,112,1,Tingle_S33,0
50,Lepidosperma effusum,0,0.5,0,0.5,1.2,33,Shade,112,1,Tingle_S33,0
50,Acacia pentadenia,2.2,6.7,3.3,5.2,6.7,33,Shade,112,1,Tingle_S33,0
50,Eucalyptus jacksonii,17.8,30.6,25,30,6,33,Shade,112,1,Tingle_S33,0
5,Lepidosperma effusum,0,0.6,0,0.6,2.2,33,Shade,114,1,Tingle_S33,2
5,Eucalyptus diversicolor,13.8,25.8,18.2,23.6,4.8,33,Shade,114,1,Tingle_S33,2
10,Lepidosperma effusum,0,0.6,0,0.6,1.2,33,Shade,114,1,Tingle_S33,2
10,Chorilaena quercifolia,0.9,3.1,0.8,2.1,5,33,Shade,114,1,Tingle_S33,2
10,Eucalyptus guilfoylei,7.8,19.8,11.8,17.4,8.9,33,Shade,114,1,Tingle_S33,2
10,Eucalyptus diversicolor,18.2,27.4,19.4,25.8,6.4,33,Shade,114,1,Tingle_S33,2
15,Lepidosperma effusum,0,0.5,0,0.5,2.9,33,Shade,114,1,Tingle_S33,2
15,Chorilaena quercifolia,1.4,4.7,1.7,3.2,5,33,Shade,114,1,Tingle_S33,2
15,Eucalyptus diversicolor,17.2,25.4,21.4,25,8.1,33,Shade,114,1,Tingle_S33,2
20,Lepidosperma effusum,0,0.5,0,0.5,3.6,33,Shade,114,1,Tingle_S33,2
20,Chorilaena quercifolia,1.3,4.4,1.9,3,5,33,Shade,114,1,Tingle_S33,2
20,Agonis flexuosa,6.4,13.2,9.6,11.8,7.6,33,Shade,114,1,Tingle_S33,2
20,Eucalyptus diversicolor,17.2,25.4,21.4,25,,33,Shade,114,1,Tingle_S33,2
25,Log,0,1,,,1,33,Shade,114,1,Tingle_S33,2
25,Chorilaena quercifolia,1.4,4.7,1.9,3.2,5,33,Shade,114,1,Tingle_S33,2
25,Agonis flexuosa,4.8,14,6.6,13.6,2.8,33,Shade,114,1,Tingle_S33,2
25,Eucalyptus diversicolor,21.4,27.6,21.4,26,8.4,33,Shade,114,1,Tingle_S33,2
30,Chorilaena quercifolia,0.6,2.1,1.1,1.3,1.1,33,Shade,114,1,Tingle_S33,2
30,Eucalyptus diversicolor,18.6,33.2,26.8,30.8,18.7,33,Shade,114,1,Tingle_S33,2
35,Chorilaena quercifolia,1.5,4.9,1.9,3.5,5,33,Shade,114,1,Tingle_S33,2
35,Eucalyptus diversicolor,18.6,33.2,26.8,30.8,,33,Shade,114,1,Tingle_S33,2
40,Lepidosperma effusum,0,0.7,0,0.7,3.1,33,Shade,114,1,Tingle_S33,2
40,Chorilaena quercifolia,0.8,2.7,1.9,2.5,5,33,Shade,114,1,Tingle_S33,2
40,Agonis flexuosa,4.4,10.2,6.6,9.2,7,33,Shade,114,1,Tingle_S33,2
40,Eucalyptus diversicolor,18.6,33.2,26.8,30.8,,33,Shade,114,1,Tingle_S33,2
45,Lepidosperma effusum,0,0.4,0,0.4,2.1,33,Shade,114,1,Tingle_S33,2
45,Allocasuarina decussata,3.5,8.6,5,7.6,3.2,33,Shade,114,1,Tingle_S33,2
45,Agonis flexuosa,8.8,13.6,7.8,12.6,4.8,33,Shade,114,1,Tingle_S33,2
45,Eucalyptus diversicolor,21.8,36.6,21.6,33,13,33,Shade,114,1,Tingle_S33,2
50,Allocasuarina decussata,3.78,10.4,5.4,8,5.9,33,Shade,114,1,Tingle_S33,2
50,Eucalyptus diversicolor,18.2,28.2,20.6,27.6,10,33,Shade,114,1,Tingle_S33,2
5,Acacia pentadenia,3.1,4.1,3.4,3.8,0.8,35,Sun,52,1,Tingle_L35,0
5,Eucalyptus jacksonii,17.4,32,17.4,30,14,35,Sun,52,1,Tingle_L35,0
5,Eucalyptus jacksonii,11.4,34.4,17,30.2,15.4,35,Sun,52,2,Tingle_L35,0
10,Lepidosperma effusum,0,0.7,0,0.7,1.5,35,Sun,52,1,Tingle_L35,0
10,Acacia pentadenia,5.2,8.2,5.2,6.4,3.3,35,Sun,52,1,Tingle_L35,0
10,Eucalyptus jacksonii,17.4,32,17.4,30,,35,Sun,52,1,Tingle_L35,0
10,Eucalyptus jacksonii,11.4,34.4,17,30.2,,35,Sun,52,2,Tingle_L35,0
15,Lepidosperma effusum,0,0.3,0,0.3,4.3,35,Sun,52,1,Tingle_L35,0
15,Trymalium odoratissimum,3.6,10.8,5.3,9.6,3.4,35,Sun,52,1,Tingle_L35,0
15,Trymalium odoratissimum,4.5,11,5.3,10.2,4.4,35,Sun,52,2,Tingle_L35,0
15,Eucalyptus jacksonii,11.4,34.4,17,30.2,,35,Sun,52,1,Tingle_L35,0
20,Trymalium odoratissimum,4,11.6,5.3,9,3.6,35,Sun,52,1,Tingle_L35,0
20,Trymalium odoratissimum,2.8,12.2,4.3,9.2,4.7,35,Sun,52,2,Tingle_L35,0
20,Eucalyptus diversicolor,24.6,38,24.6,32,12,35,Sun,52,1,Tingle_L35,0
25,Acacia pentadenia,2.3,3.6,3,3.3,2.4,35,Sun,52,1,Tingle_L35,0
25,Acacia pentadenia,4.1,7,4.6,6,1.8,35,Sun,52,2,Tingle_L35,0
25,Eucalyptus jacksonii shade,6.2,13.8,7.8,10.2,5.7,35,Sun,52,1,Tingle_L35,0
25,Eucalyptus jacksonii,10.8,24.8,15.8,18.8,7,35,Sun,52,2,Tingle_L35,0
25,Eucalyptus diversicolor,24.6,38,24.6,32,,35,Sun,52,1,Tingle_L35,0
30,Lepidosperma effusum,0,0.4,0,0.4,9.2,35,Sun,52,1,Tingle_L35,0
30,Eucalyptus jacksonii,9.2,20,13.6,14.2,8.8,35,Sun,52,1,Tingle_L35,0
30,Eucalyptus diversicolor,29,42,29,38,5.7,35,Sun,52,1,Tingle_L35,0
35,Lepidosperma effusum,0,0.4,0,0.4,,35,Sun,52,1,Tingle_L35,0
35,Trymalium odoratissimum,3.6,8,4.5,6.2,3.4,35,Sun,52,1,Tingle_L35,0
35,Eucalyptus diversicolor,21.4,38.4,31.2,31.2,11,35,Sun,52,1,Tingle_L35,0
35,Eucalyptus diversicolor,29,42,29,38,,35,Sun,52,2,Tingle_L35,0
40,Trymalium odoratissimum,2.8,11,3.7,6.5,4.2,35,Sun,52,1,Tingle_L35,0
40,Eucalyptus diversicolor,29,42,29,38,,35,Sun,52,1,Tingle_L35,0
45,Lepidosperma effusum,0,0.5,0,0.5,1,35,Sun,52,1,Tingle_L35,0
45,Acacia pentadenia,1.3,5.5,3.2,4,2.5,35,Sun,52,1,Tingle_L35,0
45,Trymalium odoratissimum,3,8,5.5,6.4,4,35,Sun,52,1,Tingle_L35,0
45,Eucalyptus jacksonii,10,30.6,13.4,25.2,9.8,35,Sun,52,1,Tingle_L35,0
50,Acacia pentadenia,2.6,5.7,2.6,4.8,2.1,35,Sun,52,1,Tingle_L35,0
50,Eucalyptus jacksonii,10,30.6,13.4,25.2,,35,Sun,52,1,Tingle_L35,0
50,Eucalyptus diversicolor,17.6,39,17.6,37.2,15.5,35,Sun,52,1,Tingle_L35,0
5,Chorilaena quercifolia,1,3.2,1.6,2.4,5,37,Shade,115,1,Tingle_S37,2
5,Trymalium odoratissimum,1.6,11,5.1,6.2,9.4,37,Shade,115,1,Tingle_S37,2
5,Eucalyptus diversicolor,16,23.4,16,22,14.5,37,Shade,115,1,Tingle_S37,2
10,Lepidosperma effusum,0,0.8,0,0.8,19.5,37,Shade,115,1,Tingle_S37,2
10,Trymalium odoratissimum,3.8,11.4,5.3,7,4.4,37,Shade,115,1,Tingle_S37,2
10,Eucalyptus diversicolor,16,23.4,16,22,,37,Shade,115,1,Tingle_S37,2
15,Lepidosperma effusum,0,0.7,0,0.7,,37,Shade,115,1,Tingle_S37,2
15,Chorilaena quercifolia,1.6,5.3,2.9,4.2,3.3,37,Shade,115,1,Tingle_S37,2
20,Lepidosperma effusum,0,0.8,0,0.8,,37,Shade,115,1,Tingle_S37,2
20,Chorilaena quercifolia,1.6,5.3,2.9,4.2,3.3,37,Shade,115,1,Tingle_S37,2
20,Allocasuarina decussata,2.8,11.8,4,8.6,5.1,37,Shade,115,1,Tingle_S37,2
20,Trymalium odoratissimum,2.3,12,3.2,5.8,6.4,37,Shade,115,1,Tingle_S37,2
25,Allocasuarina decussata,2.8,8,4,6.3,8.1,37,Shade,115,1,Tingle_S37,2
25,Eucalyptus jacksonii,20,40,30,30,15.1,37,Shade,115,1,Tingle_S37,2
30,Lepidosperma effusum,0,0.7,0,0.7,5.2,37,Shade,115,1,Tingle_S37,2
30,Crowea angustifolia,0.2,1.3,0.7,0.7,2.1,37,Shade,115,1,Tingle_S37,2
30,Allocasuarina decussata,2.8,9,4,6.3,,37,Shade,115,1,Tingle_S37,2
30,Eucalyptus jacksonii,20,40,30,30,,37,Shade,115,1,Tingle_S37,2
35,Acacia pentadenia,1.2,2.6,2,2,2.6,37,Shade,115,1,Tingle_S37,2
35,Eucalyptus diversicolor,11.6,40,30,30,23.7,37,Shade,115,1,Tingle_S37,2
35,Eucalyptus jacksonii,20,40,30,30,,37,Shade,115,1,Tingle_S37,2
40,Chorilaena quercifolia,1.1,3.7,1.3,2.4,5,37,Shade,115,1,Tingle_S37,2
40,Acacia pentadenia,1.5,4.1,1.5,3.2,4.4,37,Shade,115,1,Tingle_S37,2
40,Eucalyptus diversicolor,11.6,40,30,30,,37,Shade,115,1,Tingle_S37,2
45,Acacia pentadenia,2.5,7.2,4.2,5.3,3.1,37,Shade,115,1,Tingle_S37,2
45,Eucalyptus diversicolor,11.6,40,30,30,,37,Shade,115,1,Tingle_S37,2
50,Chorilaena quercifolia,2,6.7,2.8,4,5,37,Shade,115,1,Tingle_S37,2
50,Eucalyptus diversicolor,11.6,40,30,30,,37,Shade,115,1,Tingle_S37,2
5,Lepidosperma effusum,0,0.5,0,0.5,17.5,39,Sun,54,1,Tingle_L39,2
5,Pteridium esculentum,0.9,1.9,1.1,1.1,1.2,39,Sun,54,1,Tingle_L39,2
5,Chorilaena quercifolia,0.7,2.4,1,1.8,3.5,39,Sun,54,1,Tingle_L39,2
5,Eucalyptus diversicolor,19,40.2,22.8,34.6,16,39,Sun,54,1,Tingle_L39,2
10,Lepidosperma effusum,0,0.5,0,0.5,17.5,39,Sun,54,1,Tingle_L39,2
10,Pteridium esculentum,0.4,1.3,0.6,0.6,0.9,39,Sun,54,1,Tingle_L39,2
10,Chorilaena quercifolia,0.7,2.4,1,1.8,3.5,39,Sun,54,1,Tingle_L39,2
10,Trymalium odoratissimum,3.7,7.2,3.7,5.6,3,39,Sun,54,1,Tingle_L39,2
10,Eucalyptus diversicolor,19,40.2,22.8,34.6,,39,Sun,54,1,Tingle_L39,2
15,Lepidosperma effusum,0,0.3,0,0.3,,39,Sun,54,1,Tingle_L39,2
15,Chorilaena quercifolia,0.4,1.3,0.4,0.8,2.2,39,Sun,54,1,Tingle_L39,2
15,Eucalyptus diversicolor,19,40.2,22.8,34.6,,39,Sun,54,1,Tingle_L39,2
20,Lepidosperma effusum,0,0.4,0,0.4,2.2,39,Sun,54,1,Tingle_L39,2
20,Chorilaena quercifolia,0.8,2.7,0.7,1.6,1.7,39,Sun,54,1,Tingle_L39,2
20,Trymalium odoratissimum,2,8,3,6.4,11.1,39,Sun,54,1,Tingle_L39,2
25,Chorilaena quercifolia,0.8,2.8,1.7,2.1,5,39,Sun,54,1,Tingle_L39,2
25,Trymalium odoratissimum,2,8,3,6.4,,39,Sun,54,1,Tingle_L39,2
25,Eucalyptus jacksonii,9.8,46.8,17.4,37.8,26.8,39,Sun,54,1,Tingle_L39,2
30,Chorilaena quercifolia,0.8,2.5,1.2,2.5,5,39,Sun,54,1,Tingle_L39,2
30,Eucalyptus jacksonii,13,36,24.6,32.6,13.4,39,Sun,54,1,Tingle_L39,2
35,Chorilaena quercifolia,1.5,4.9,0.8,3.1,5,39,Sun,54,1,Tingle_L39,2
35,Agonis flexuosa,4.2,10.6,5.8,8.6,3.4,39,Sun,54,1,Tingle_L39,2
35,Eucalyptus jacksonii,13,36,24.6,32.6,,39,Sun,54,1,Tingle_L39,2
35,Eucalyptus diversicolor,22.8,48.2,28.8,44,26.2,39,Sun,54,1,Tingle_L39,2
40,Lepidosperma effusum,0,0.3,0,0.3,0.4,39,Sun,54,1,Tingle_L39,2
40,Chorilaena quercifolia,1.5,4.9,0.8,3.1,5,39,Sun,54,1,Tingle_L39,2
40,Eucalyptus diversicolor,22.8,48.2,28.8,44,,39,Sun,54,1,Tingle_L39,2
45,Chorilaena quercifolia,1.5,4.9,0.8,3.1,5,39,Sun,54,1,Tingle_L39,2
45,Eucalyptus jacksonii,9.2,22,12,18.8,7.5,39,Sun,54,1,Tingle_L39,2
45,Eucalyptus diversicolor,22.8,48.2,28.8,44,,39,Sun,54,1,Tingle_L39,2
50,Chorilaena quercifolia,1.1,3.5,1.4,2.3,5,39,Sun,54,1,Tingle_L39,2
50,Trymalium odoratissimum,1.6,5.6,2.9,5.6,9.4,39,Sun,54,1,Tingle_L39,2
50,Eucalyptus jacksonii,9.2,22,12,18.8,,39,Sun,54,1,Tingle_L39,2
50,Eucalyptus jacksonii,12,35.8,22.8,31.4,12.6,39,Sun,54,2,Tingle_L39,2
5,Lepidosperma effusum,0,0.6,0,0.6,4,39,Shade,117,1,Tingle_S39,0
5,Leucopogon verticillatus,1,4.5,1,2.3,5.3,39,Shade,117,1,Tingle_S39,0
5,Trymalium odoratissimum,3.6,14.4,5.8,12.8,5.3,39,Shade,117,1,Tingle_S39,0
10,Allocasuarina decussata,6.4,13.4,8.6,11.6,5,39,Shade,117,1,Tingle_S39,0
10,Allocasuarina decussata,5.88,14.8,8.4,14.6,5,39,Shade,117,2,Tingle_S39,0
10,Trymalium odoratissimum,12.2,17.8,14.8,18.4,5.3,39,Shade,117,1,Tingle_S39,0
10,Eucalyptus diversicolor,21,32.2,21,27.2,7.3,39,Shade,117,1,Tingle_S39,0
15,Lepidosperma effusum,0,0.5,0,0.5,0.6,39,Shade,117,1,Tingle_S39,0
15,Allocasuarina decussata,6,17.4,7,16,5,39,Shade,117,1,Tingle_S39,0
15,Eucalyptus jacksonii,10.2,34,20.6,26.2,13.2,39,Shade,117,1,Tingle_S39,0
20,Lepidosperma effusum,0,1.2,0,1.2,19.3,39,Shade,117,1,Tingle_S39,0
20,Allocasuarina decussata,5.8,15.2,8,14.1,5,39,Shade,117,1,Tingle_S39,0
20,Eucalyptus diversicolor,14,32.8,20.4,28,11.8,39,Shade,117,1,Tingle_S39,0
25,Lepidosperma effusum,0,1,0,1,,39,Shade,117,1,Tingle_S39,0
25,Eucalyptus diversicolor,14,32.8,20.4,28,,39,Shade,117,1,Tingle_S39,0
30,Lepidosperma effusum,0,1,0,1,,39,Shade,117,1,Tingle_S39,0
30,Allocasuarina decussata,0.84,2.6,1.2,2.1,3.9,39,Shade,117,1,Tingle_S39,0
30,Eucalyptus jacksonii,14.8,29.8,19.4,27.2,12.1,39,Shade,117,1,Tingle_S39,0
35,Lepidosperma effusum,0,1.4,0,1.4,,39,Shade,117,1,Tingle_S39,0
35,Eucalyptus jacksonii,14.8,29.8,19.4,27.2,,39,Shade,117,1,Tingle_S39,0
40,Allocasuarina decussata,2.1,11.6,3,7.6,5,39,Shade,117,1,Tingle_S39,0
40,Eucalyptus diversicolor,17.2,29.6,19.2,26.2,14.8,39,Shade,117,1,Tingle_S39,0
40,Eucalyptus jacksonii,14.8,29.8,19.4,27,,39,Shade,117,1,Tingle_S39,0
45,Leucopogon verticillatus,0.3,1.2,0.7,0.8,0.7,39,Shade,117,1,Tingle_S39,0
45,Allocasuarina decussata,1.82,7.1,2.6,4.4,5,39,Shade,117,1,Tingle_S39,0
45,Eucalyptus jacksonii,20,28.6,22,25,13.5,39,Shade,117,1,Tingle_S39,0
50,Lepidosperma effusum,0,0.9,0,0.9,3.9,39,Shade,117,1,Tingle_S39,0
50,Allocasuarina decussata,4.34,15.8,6.2,11.4,1.5,39,Shade,117,1,Tingle_S39,0
50,Eucalyptus jacksonii shade,11,18,11.2,17,6.3,39,Shade,117,1,Tingle_S39,0
50,Eucalyptus jacksonii,20,28.6,22,25,,39,Shade,117,2,Tingle_S39,0
5,Lepidosperma effusum,0,0.7,0,0.7,5.3,39,Shade,121,1,Tingle_S39,0
5,Eucalyptus jacksonii,14.2,43,15.6,33.2,22.5,39,Shade,121,1,Tingle_S39,0
10,Eucalyptus jacksonii,9.4,25.8,16.2,19.4,15.2,39,Shade,121,1,Tingle_S39,0
10,Eucalyptus jacksonii,14.2,43,15.6,33.2,,39,Shade,121,2,Tingle_S39,0
15,Log,0,1,,,1,39,Shade,121,1,Tingle_S39,0
20,Pteridium esculentum,0.9,1.7,0.9,1.5,2.1,39,Shade,121,1,Tingle_S39,0
20,Eucalyptus jacksonii,9.4,25.8,16.2,19.4,,39,Shade,121,1,Tingle_S39,0
20,Eucalyptus jacksonii,15,38.4,22.8,33,15.4,39,Shade,121,2,Tingle_S39,0
25,Lepidosperma effusum,0,0.5,0,0.5,1.9,39,Shade,121,1,Tingle_S39,0
25,Allocasuarina decussata,7.2,20,7,18.4,10.7,39,Shade,121,1,Tingle_S39,0
25,Eucalyptus jacksonii,15,38.4,20,22.8,,39,Shade,121,1,Tingle_S39,0
30,Lepidosperma effusum,0,0.4,0,0.4,0.3,39,Shade,121,1,Tingle_S39,0
30,Allocasuarina decussata,7.2,20,7,18.4,,39,Shade,121,1,Tingle_S39,0
30,Allocasuarina decussata,3.5,23,5,16.8,10.9,39,Shade,121,2,Tingle_S39,0
35,Lepidosperma effusum,0,0.6,0,0.6,9,39,Shade,121,1,Tingle_S39,0
35,Allocasuarina decussata,5.2,13.8,6.8,12,8,39,Shade,121,1,Tingle_S39,0
35,Allocasuarina decussata,7.2,20,7,18.4,10.7,39,Shade,121,2,Tingle_S39,0
40,Lepidosperma effusum,0,0.6,0,0.6,,39,Shade,121,1,Tingle_S39,0
40,Allocasuarina decussata,5.6,21,7.6,19,12.5,39,Shade,121,1,Tingle_S39,0
40,Eucalyptus diversicolor,14.8,36,14.8,27.6,15.5,39,Shade,121,1,Tingle_S39,0
45,Lepidosperma effusum,0,0.7,0,0.7,2,39,Shade,121,1,Tingle_S39,0
45,Eucalyptus jacksonii shade,7.2,9,7.8,8.2,6.2,39,Shade,121,1,Tingle_S39,0
45,Eucalyptus jacksonii,20,25.6,18.6,22.6,10.2,39,Shade,121,2,Tingle_S39,0
45,Eucalyptus diversicolor,14.8,36,14.8,27.6,,39,Shade,121,1,Tingle_S39,0
50,Allocasuarina decussata,3.2,6.8,3.2,5.2,0.8,39,Shade,121,1,Tingle_S39,0
50,Allocasuarina decussata,6.8,18,8.2,14.6,8,39,Shade,121,2,Tingle_S39,0
50,Eucalyptus diversicolor,14.8,36,14.8,27.6,15.5,39,Shade,121,1,Tingle_S39,0
5,Eucalyptus jacksonii shade,7.2,9.4,7.6,8.6,3.6,45,Sun,57,1,Tingle_L45,0
10,Lepidosperma effusum,0,0.5,0,0.5,2.6,45,Sun,57,1,Tingle_L45,0
10,Taxandria parviceps,7.4,8.2,7.4,8,7.1,45,Sun,57,1,Tingle_L45,0
15,Hibbertia furfuracea,0.3,0.9,0.6,0.6,1.1,45,Sun,57,1,Tingle_L45,0
15,Corymbia calophylla,15,37.4,24,36.2,9.8,45,Sun,57,1,Tingle_L45,0
20,Hibbertia furfuracea,0.1,1.7,0.8,1.2,4.7,45,Sun,57,1,Tingle_L45,0
20,Allocasuarina decussata,3.5,14.2,5,11.4,7.2,45,Sun,57,1,Tingle_L45,0
20,Corymbia calophylla,15,37.4,24,36.2,,45,Sun,57,1,Tingle_L45,0
25,Allocasuarina decussata,1.4,3.1,1.8,2.6,2.4,45,Sun,57,1,Tingle_L45,0
25,Allocasuarina decussata,5.8,13.4,5.8,11,2.6,45,Sun,57,2,Tingle_L45,0
25,Eucalyptus jacksonii,21.4,40,25,35.8,28.5,45,Sun,57,1,Tingle_L45,0
30,Leucopogon verticillatus,0.9,3.8,1.7,2.7,2.1,45,Sun,57,1,Tingle_L45,0
30,Eucalyptus jacksonii,21.4,40,25,35.8,,45,Sun,57,1,Tingle_L45,0
35,Lepidosperma effusum,0,0.5,0,0.5,1.6,45,Sun,57,1,Tingle_L45,0
35,Allocasuarina decussata,5,12.4,5.6,11.2,7.5,45,Sun,57,1,Tingle_L45,0
35,Eucalyptus jacksonii,21.4,40,25,35.8,,45,Sun,57,1,Tingle_L45,0
40,Lepidosperma effusum,0,0.7,0,0.7,3.6,45,Sun,57,1,Tingle_L45,0
40,Allocasuarina decussata,5,12.4,5.6,11.2,,45,Sun,57,1,Tingle_L45,0
40,Eucalyptus diversicolor,16,26.4,17.4,23.8,11.7,45,Sun,57,1,Tingle_L45,0
45,Lepidosperma effusum,0,0.5,0,0.5,1.8,45,Sun,57,1,Tingle_L45,0
45,Dampiera hederacea,0.1,1,0.6,0.8,1.2,45,Sun,57,1,Tingle_L45,0
45,Allocasuarina decussata,0.7,1.9,1,1.6,1.2,45,Sun,57,1,Tingle_L45,0
45,Eucalyptus diversicolor,16,26.4,17.4,23.8,,45,Sun,57,1,Tingle_L45,0
50,Lepidosperma effusum,0,0.5,0,0.5,1.6,45,Sun,57,1,Tingle_L45,0
50,Eucalyptus jacksonii,11.8,23.2,14.2,20.2,7.5,45,Sun,57,1,Tingle_L45,0
5,Trymalium odoratissimum,5,9,6.5,7.5,4.4,47,Sun,61,1,Tingle_L47,0
5,Eucalyptus diversicolor,26.8,34.8,26.8,29.8,24.3,47,Sun,61,1,Tingle_L47,0
10,Trymalium odoratissimum,2,9,3,9,5.6,47,Sun,61,1,Tingle_L47,0
10,Eucalyptus diversicolor,26.8,34.8,26.8,29.8,,47,Sun,61,1,Tingle_L47,0
15,Lepidosperma effusum,0,0.9,0,0.9,10.6,47,Sun,61,1,Tingle_L47,0
15,Eucalyptus diversicolor,26.8,34.8,26.8,29.8,,47,Sun,61,1,Tingle_L47,0
20,Lepidosperma effusum,0,1,0,1,,47,Sun,61,1,Tingle_L47,0
20,Eucalyptus diversicolor,26.8,34.8,26.8,29.8,,47,Sun,61,1,Tingle_L47,0
25,Lepidosperma effusum,0,0.9,0,0.9,,47,Sun,61,1,Tingle_L47,0
25,Trymalium odoratissimum,1.6,10,2.6,8,3.8,47,Sun,61,1,Tingle_L47,0
25,Allocasuarina decussata,4.76,15.4,6.8,12.6,7.9,47,Sun,61,1,Tingle_L47,0
30,Log,0,1,,,1,47,Sun,61,1,Tingle_L47,0
30,Leucopogon verticillatus,1,3.7,2,3.4,1.6,47,Sun,61,1,Tingle_L47,0
30,Allocasuarina decussata,4.76,15.4,6.8,12.6,,47,Sun,61,1,Tingle_L47,0
35,Lepidosperma effusum,0,0.9,0,0.9,15.4,47,Sun,61,1,Tingle_L47,0
35,Eucalyptus jacksonii,15.8,36.6,15.8,20.6,14.6,47,Sun,61,1,Tingle_L47,0
40,Lepidosperma effusum,0,0.8,0,0.8,,47,Sun,61,1,Tingle_L47,0
40,Leucopogon verticillatus,1.5,4.5,2.1,3.6,3.4,47,Sun,61,1,Tingle_L47,0
40,Eucalyptus jacksonii,15.8,36.6,15.8,20.6,,47,Sun,61,1,Tingle_L47,0
40,Eucalyptus diversicolor,25,37,25,32,15.5,47,Sun,61,1,Tingle_L47,0
45,Lepidosperma effusum,0,0.8,0,0.8,,47,Sun,61,1,Tingle_L47,0
45,Leucopogon verticillatus,1.6,3.6,1.8,2.9,1.8,47,Sun,61,1,Tingle_L47,0
45,Trymalium odoratissimum,2.3,4.3,2.3,3.8,4.9,47,Sun,61,1,Tingle_L47,0
45,Eucalyptus jacksonii,15.8,36.6,15.8,20.6,,47,Sun,61,1,Tingle_L47,0
45,Eucalyptus diversicolor,25,37,25,32,,47,Sun,61,1,Tingle_L47,0
50,Lepidosperma effusum,0,0.4,0,0.4,,47,Sun,61,1,Tingle_L47,0
50,Trymalium odoratissimum,4.2,9.2,4.2,8.6,2,47,Sun,61,1,Tingle_L47,0
5,Trymalium odoratissimum,8.6,11.8,8.6,8.6,4.7,47,Shade,124,1,Tingle_S47,0
5,Eucalyptus diversicolor,19.8,24.4,20,23,3.7,47,Shade,124,1,Tingle_S47,0
5,Eucalyptus jacksonii,18.2,25.6,18.2,23,6.8,47,Shade,124,1,Tingle_S47,0
5,Eucalyptus diversicolor,22.2,27,22.2,24.4,10.2,47,Shade,124,2,Tingle_S47,0
10,Lepidosperma effusum,0,0.8,0,0.8,5.7,47,Shade,124,1,Tingle_S47,0
10,Eucalyptus jacksonii,18.2,25.6,18.2,23,,47,Shade,124,1,Tingle_S47,0
15,Eucalyptus jacksonii shade,11,12.4,11,11,7.2,47,Shade,124,1,Tingle_S47,0
15,Trymalium odoratissimum,9.2,12.6,9.2,11.4,5.1,47,Shade,124,1,Tingle_S47,0
15,Eucalyptus jacksonii,15.6,24.8,15.6,24,3,47,Shade,124,2,Tingle_S47,0
20,Lepidosperma effusum,0,0.6,0,0.6,9.2,47,Shade,124,1,Tingle_S47,0
20,Trymalium odoratissimum,1.8,5.3,1.8,5,6.6,47,Shade,124,1,Tingle_S47,0
20,Eucalyptus diversicolor,13,29,17,22.6,9.4,47,Shade,124,1,Tingle_S47,0
25,Lepidosperma effusum,0,0.6,0,0.6,,47,Shade,124,1,Tingle_S47,0
25,Trymalium odoratissimum,2.3,6,3.1,4.3,5.7,47,Shade,124,1,Tingle_S47,0
25,Trymalium odoratissimum,4.8,12.8,9.4,12,5,47,Shade,124,2,Tingle_S47,0
25,Eucalyptus diversicolor,24.2,28.4,24.2,27.4,14.8,47,Shade,124,1,Tingle_S47,0
30,Lepidosperma effusum,0,0.6,0,0.6,3.1,47,Shade,124,1,Tingle_S47,0
30,Trymalium odoratissimum,3.8,13.4,8.8,11,6.3,47,Shade,124,1,Tingle_S47,0
30,Eucalyptus diversicolor,24.2,28.4,24.2,27.4,,47,Shade,124,1,Tingle_S47,0
35,Lepidosperma effusum,0,0.5,0,0.5,0.8,47,Shade,124,1,Tingle_S47,0
35,Eucalyptus jacksonii shade,8,18.2,11.4,15.4,7.8,47,Shade,124,1,Tingle_S47,0
35,Eucalyptus diversicolor,13.4,29.8,21.4,23.6,16,47,Shade,124,1,Tingle_S47,0
40,Lepidosperma effusum,0,0.5,0,0.5,0.6,47,Shade,124,1,Tingle_S47,0
40,Eucalyptus diversicolor,13.4,29.8,21.4,23.6,,47,Shade,124,1,Tingle_S47,0
45,Lepidosperma effusum,0,0.6,0,0.6,6.2,47,Shade,124,1,Tingle_S47,0
45,Trymalium odoratissimum,4.6,12.4,5.6,11.2,4.4,47,Shade,124,1,Tingle_S47,0
45,Eucalyptus jacksonii shade,10.6,19.6,17,17,3.4,47,Shade,124,1,Tingle_S47,0
50,Lepidosperma effusum,0,0.6,0,0.6,,47,Shade,124,1,Tingle_S47,0
50,Trymalium odoratissimum,5.8,15,9.2,12,3.6,47,Shade,124,1,Tingle_S47,0
50,Eucalyptus diversicolor,23,26.6,23,24.4,15.8,47,Shade,124,1,Tingle_S47,0
5,Pteridium esculentum,1.1,1.6,1.2,1.4,0.9,48,Sun,62,1,Tingle_L48,0
5,Allocasuarina decussata,4.2,17.2,6,14,4,48,Sun,62,1,Tingle_L48,0
5,Eucalyptus diversicolor,30.2,63.8,40.6,63.8,26,48,Sun,62,1,Tingle_L48,0
10,Allocasuarina decussata,4.2,17.2,6,13.8,,48,Sun,62,1,Tingle_L48,0
15,Pimelea clavata,3,4.5,3.4,4.3,1.1,48,Sun,62,1,Tingle_L48,0
15,Eucalyptus jacksonii,21.6,53.6,21.6,51.2,26.6,48,Sun,62,1,Tingle_L48,0
20,Lepidosperma effusum,0,0.5,0,0.5,0.4,48,Sun,62,1,Tingle_L48,0
20,Allocasuarina decussata,4.62,16.4,6.6,9.4,5.6,48,Sun,62,1,Tingle_L48,0
20,Eucalyptus jacksonii,21.6,53.6,21.6,51.2,,48,Sun,62,1,Tingle_L48,0
25,Lepidosperma effusum,0,1,0,1,1.9,48,Sun,62,1,Tingle_L48,0
25,Acacia urophylla,1.9,3.2,2.3,2.9,1.8,48,Sun,62,1,Tingle_L48,0
25,Pimelea clavata,2.5,4,3.2,3.7,2.8,48,Sun,62,1,Tingle_L48,0
25,Eucalyptus diversicolor,26.4,34,26.4,31,14.5,48,Sun,62,1,Tingle_L48,0
30,Log,0,1,,,1,48,Sun,62,1,Tingle_L48,0
30,Eucalyptus jacksonii shade,9.2,14.4,11.8,13,6.6,48,Sun,62,1,Tingle_L48,0
30,Eucalyptus diversicolor shade,17.8,20.6,16.6,20.6,10.6,48,Sun,62,1,Tingle_L48,0
30,Eucalyptus diversicolor,26.4,34,26.4,31,14.5,48,Sun,62,2,Tingle_L48,0
35,Lepidosperma effusum,0,0.7,0,0.7,1.6,48,Sun,62,1,Tingle_L48,0
35,Eucalyptus diversicolor shade,17.8,20.6,16.6,20.6,,48,Sun,62,1,Tingle_L48,0
35,Eucalyptus jacksonii,33.4,55,36,50.8,26.5,48,Sun,62,1,Tingle_L48,0
40,Pteridium esculentum,0.7,1.8,1,1.3,1.4,48,Sun,62,1,Tingle_L48,0
40,Eucalyptus jacksonii,33.4,55,36,50.8,,48,Sun,62,1,Tingle_L48,0
45,Crowea angustifolia,0.5,1.5,0.7,0.9,1.8,48,Sun,62,1,Tingle_L48,0
45,Eucalyptus diversicolor,16.8,49,25,46,19.4,48,Sun,62,1,Tingle_L48,0
50,Eucalyptus diversicolor,16.8,49,25,46,,48,Sun,62,1,Tingle_L48,0
5,Allocasuarina decussata,3.5,8.4,5,7.8,3.4,48,Shade,126,1,Tingle_S48,0
10,Lepidosperma effusum,0,0.7,0,0.7,3.3,48,Shade,126,1,Tingle_S48,0
10,Hovea elliptica,1,2.2,1.6,1.9,0.6,48,Shade,126,1,Tingle_S48,0
10,Agonis flexuosa,5.2,13.4,6,13.4,4.6,48,Shade,126,1,Tingle_S48,0
10,Corymbia calophylla,12.8,20.4,18.2,20.4,7.6,48,Shade,126,1,Tingle_S48,0
15,Hovea elliptica,0.9,1.8,1.4,1.4,0.4,48,Shade,126,1,Tingle_S48,0
15,Corymbia calophylla,12.8,20.4,18.2,20.4,,48,Shade,126,1,Tingle_S48,0
20,Hovea elliptica,0.3,1.2,0.7,1,0.7,48,Shade,126,1,Tingle_S48,0
25,Lepidosperma effusum,0,0.5,0,0.5,8.8,48,Shade,126,1,Tingle_S48,0
25,Corymbia calophylla,14,27.2,16.8,26.8,8,48,Shade,126,1,Tingle_S48,0
30,Log,0,1,,,1,48,Shade,126,1,Tingle_S48,0
30,Agonis flexuosa,6.6,8.4,6.6,7,2.9,48,Shade,126,1,Tingle_S48,0
30,Trymalium odoratissimum,3.4,9.2,5.2,7.2,4.8,48,Shade,126,1,Tingle_S48,0
35,Lepidosperma effusum,0,0.5,0,0.5,6.6,48,Shade,126,1,Tingle_S48,0
35,Trymalium odoratissimum,3.4,9.2,5.2,7.2,,48,Shade,126,1,Tingle_S48,0
35,Agonis flexuosa,3.6,14.4,7.6,13.8,5.2,48,Shade,126,1,Tingle_S48,0
35,Corymbia calophylla,22.4,27,22.4,26.4,16.1,48,Shade,126,1,Tingle_S48,0
40,Hovea elliptica,0.8,1.5,1,1.3,0.7,48,Shade,126,1,Tingle_S48,0
40,Corymbia calophylla,22.4,27,22.4,26.4,,48,Shade,126,1,Tingle_S48,0
40,Eucalyptus diversicolor,16.4,33.8,25.6,33,12.7,48,Shade,126,1,Tingle_S48,0
45,Hovea elliptica,1,1.7,1.4,1.6,1.2,48,Shade,126,1,Tingle_S48,0
45,Agonis flexuosa,3.4,9,6.8,8.6,13.2,48,Shade,126,1,Tingle_S48,0
45,Eucalyptus diversicolor,16.4,33.8,25.6,33,12.7,48,Shade,126,1,Tingle_S48,0
50,Agonis flexuosa,3.4,9,6.8,8.6,,48,Shade,126,1,Tingle_S48,0
50,Allocasuarina decussata,5.74,10.4,8.2,9.2,9.1,48,Shade,126,1,Tingle_S48,0
5,Chorilaena quercifolia,0.9,3,2,2.6,5,49,Sun,63,1,Tingle_L49,1
5,Trymalium odoratissimum,4.4,11,4.4,8,2.2,49,Sun,63,1,Tingle_L49,1
5,Eucalyptus jacksonii,19.6,30,19.6,25.8,18.2,49,Sun,63,1,Tingle_L49,1
10,Lepidosperma effusum,0,0.3,0,0.3,0.3,49,Sun,63,1,Tingle_L49,1
10,Chorilaena quercifolia,1.2,3.9,2.5,3.1,3,49,Sun,63,1,Tingle_L49,1
10,Trymalium odoratissimum,4,5,4,4.5,2,49,Sun,63,1,Tingle_L49,1
10,Trymalium odoratissimum,8,12.6,8,11,3.6,49,Sun,63,2,Tingle_L49,1
15,Lepidosperma effusum,0,0.4,0,0.4,15.7,49,Sun,63,1,Tingle_L49,1
15,Trymalium odoratissimum,4.4,12,6.8,10.6,6,49,Sun,63,1,Tingle_L49,1
15,Eucalyptus diversicolor,20,32,20,23,17.8,49,Sun,63,1,Tingle_L49,1
20,Lepidosperma effusum,0,0.5,0,0.5,,49,Sun,63,1,Tingle_L49,1
20,Eucalyptus diversicolor,20,32,20,23,,49,Sun,63,1,Tingle_L49,1
20,Eucalyptus diversicolor,21,52,26.2,42,19.6,49,Sun,63,2,Tingle_L49,1
25,Lepidosperma effusum,0,0.5,0,0.5,,49,Sun,63,1,Tingle_L49,1
25,Eucalyptus diversicolor,21,52,26.2,42,,49,Sun,63,1,Tingle_L49,1
30,Lepidosperma effusum,0,0.4,0,0.4,17,49,Sun,63,1,Tingle_L49,1
30,Eucalyptus diversicolor,21,52,26.2,42,,49,Sun,63,1,Tingle_L49,1
35,Lepidosperma effusum,0,0.4,0,0.4,,49,Sun,63,1,Tingle_L49,1
35,Eucalyptus diversicolor,21,52,26.2,42,,49,Sun,63,1,Tingle_L49,1
40,Lepidosperma effusum,0,0.3,0,0.3,,49,Sun,63,1,Tingle_L49,1
40,Eucalyptus diversicolor,17,46.8,26,44.6,20.3,49,Sun,63,1,Tingle_L49,1
45,Lepidosperma effusum,0,0.4,0,0.4,,49,Sun,63,1,Tingle_L49,1
45,Eucalyptus guilfoylei,20.4,40.2,20.4,37,12.6,49,Sun,63,1,Tingle_L49,1
50,Chorilaena quercifolia,1.5,5,1.3,1.8,5,49,Sun,63,1,Tingle_L49,1
50,Eucalyptus guilfoylei,24.4,60,4.6,52.6,16.4,49,Sun,63,1,Tingle_L49,1
5,Chorilaena quercifolia,1.8,6,1.3,2.6,5,49,Shade,131,1,Tingle_S49,1
5,Agonis flexuosa,4.4,17,8,11,7.3,49,Shade,131,1,Tingle_S49,1
5,Eucalyptus diversicolor,34.4,44.8,35.2,41.4,12.5,49,Shade,131,1,Tingle_S49,1
10,Lepidosperma effusum,0,0.8,0,0.8,2.7,49,Shade,131,1,Tingle_S49,1
10,Chorilaena quercifolia,1.8,6,1.3,2.6,5,49,Shade,131,1,Tingle_S49,1
10,Agonis flexuosa,4.4,17,8,11,,49,Shade,131,1,Tingle_S49,1
10,Eucalyptus diversicolor shade,16.2,28,21.4,26,5.7,49,Shade,131,1,Tingle_S49,1
10,Eucalyptus diversicolor,34.4,42.4,33,38,7.8,49,Shade,131,2,Tingle_S49,1
15,Eucalyptus diversicolor,24,45,33,40.4,14.1,49,Shade,131,1,Tingle_S49,1
20,Chorilaena quercifolia,1.5,5,2,2.8,5,49,Shade,131,1,Tingle_S49,1
20,Eucalyptus diversicolor,24,45,33,40.4,,49,Shade,131,1,Tingle_S49,1
25,Eucalyptus diversicolor shade,18.4,27.8,23,27,5.6,49,Shade,131,1,Tingle_S49,1
25,Eucalyptus diversicolor,24,45,33,40.4,,49,Shade,131,2,Tingle_S49,1
30,Log,0,1,,,1,49,Shade,131,1,Tingle_S49,1
30,Eucalyptus diversicolor,30.4,48.4,36.6,47.8,8.4,49,Shade,131,1,Tingle_S49,1
35,Lepidosperma effusum,0,0.8,0,0.8,9.1,49,Shade,131,1,Tingle_S49,1
35,Allocasuarina decussata,5.04,15.8,7.2,11.4,8.4,49,Shade,131,1,Tingle_S49,1
35,Eucalyptus diversicolor,15.6,26.6,20.2,22.6,5.7,49,Shade,131,1,Tingle_S49,1
35,Eucalyptus diversicolor,35.8,46.4,38,45.6,8.5,49,Shade,131,2,Tingle_S49,1
40,Lepidosperma effusum,0,0.7,0,0.7,,49,Shade,131,1,Tingle_S49,1
40,Chorilaena quercifolia,2.3,7.8,2.4,4.3,5,49,Shade,131,1,Tingle_S49,1
40,Eucalyptus diversicolor,29.8,45.6,32.6,41.8,9.9,49,Shade,131,1,Tingle_S49,1
45,Lepidosperma effusum,0,0.6,0,0.6,3.4,49,Shade,131,1,Tingle_S49,1
45,Eucalyptus diversicolor,26.2,48.2,32.4,43.2,14,49,Shade,131,1,Tingle_S49,1
50,Eucalyptus diversicolor,26,36.2,27.4,30.4,5.7,49,Shade,131,1,Tingle_S49,1
5,Lasiopetalum floribundum,0.1,1.2,0.1,0.5,2.6,51,Shade,134,1,Tingle_S51,1
5,Chorilaena quercifolia,1.4,4.6,1.4,3.5,2,51,Shade,134,1,Tingle_S51,1
5,Eucalyptus diversicolor,24.4,34.6,26.8,34.2,11.2,51,Shade,134,1,Tingle_S51,1
10,Chorilaena quercifolia,2.1,7,2,4.1,2,51,Shade,134,1,Tingle_S51,1
10,Allocasuarina decussata,6.4,10.2,6.4,9.6,3.7,51,Shade,134,1,Tingle_S51,1
15,Chorilaena quercifolia,1,3.4,0.9,1.4,2,51,Shade,134,1,Tingle_S51,1
15,Eucalyptus jacksonii shade,7,13,8,13,4.1,51,Shade,134,1,Tingle_S51,1
15,Eucalyptus jacksonii,20,25.4,20,24,6.9,51,Shade,134,2,Tingle_S51,1
20,Chorilaena quercifolia,1.9,6.3,0.9,3.4,2,51,Shade,134,1,Tingle_S51,1
20,Eucalyptus jacksonii shade,8.4,17.4,12.6,16.4,4.1,51,Shade,134,1,Tingle_S51,1
20,Eucalyptus jacksonii,15.8,20.2,16.6,19.4,6.7,51,Shade,134,2,Tingle_S51,1
25,Hibbertia furfuracea,0.1,1.2,0.4,1,1.3,51,Shade,134,1,Tingle_S51,1
25,Chorilaena quercifolia,1.4,4.7,1.1,1.7,2,51,Shade,134,1,Tingle_S51,1
25,Allocasuarina decussata,3.92,12.2,5.6,8,5.7,51,Shade,134,1,Tingle_S51,1
25,Eucalyptus jacksonii,14.2,21,14.2,18.6,6.1,51,Shade,134,1,Tingle_S51,1
30,Chorilaena quercifolia,1.9,6.3,0.9,3.4,2,51,Shade,134,2,Tingle_S51,1
30,Eucalyptus jacksonii,19.8,25,19,23.4,8.3,51,Shade,134,1,Tingle_S51,1
30,Eucalyptus jacksonii,24.8,38.2,27,38,12.3,51,Shade,134,2,Tingle_S51,1
35,Chorilaena quercifolia,1.3,4.2,1.1,3.4,2,51,Shade,134,1,Tingle_S51,1
35,Eucalyptus jacksonii shade,6.6,12.6,7.6,10.6,6.4,51,Shade,134,1,Tingle_S51,1
35,Allocasuarina decussata,4,12.8,4.8,11.8,9.5,51,Shade,134,1,Tingle_S51,1
35,Eucalyptus jacksonii,19.8,25,19,23.4,,51,Shade,134,2,Tingle_S51,1
35,Eucalyptus diversicolor,17.6,42.2,23.8,40,24.4,51,Shade,134,1,Tingle_S51,1
40,Hibbertia furfuracea,0.1,1.6,0.5,1.1,3.8,51,Shade,134,1,Tingle_S51,1
40,Chorilaena quercifolia,1.2,3.9,2,3.2,2,51,Shade,134,1,Tingle_S51,1
40,Allocasuarina decussata,2.24,12,3.2,11,,51,Shade,134,1,Tingle_S51,1
40,Eucalyptus diversicolor,17.6,42.2,23.8,40,,51,Shade,134,1,Tingle_S51,1
45,Chorilaena quercifolia,1.7,5.5,1.3,2.1,2,51,Shade,134,1,Tingle_S51,1
45,Eucalyptus jacksonii shade,11.8,19,13.6,16,9.1,51,Shade,134,1,Tingle_S51,1
45,Eucalyptus diversicolor,17.6,42.2,23.8,40,,51,Shade,134,1,Tingle_S51,1
45,Eucalyptus diversicolor,24.6,42.4,28,39.2,14.2,51,Shade,134,2,Tingle_S51,1
50,Chorilaena quercifolia,1.2,4,0.6,2.8,2,51,Shade,134,1,Tingle_S51,1
50,Eucalyptus jacksonii shade,11.8,19,13.6,16,,51,Shade,134,1,Tingle_S51,1
5,Lepidosperma effusum,0,0.5,0,0.5,3,54,Sun,64,1,Tingle_L54,1
5,Eucalyptus jacksonii,21.2,37.4,26,34.6,27.6,54,Sun,64,1,Tingle_L54,1
10,Eucalyptus jacksonii,21.2,37.4,26,34.6,,54,Sun,64,1,Tingle_L54,1
15,Lepidosperma effusum,0,0.7,0,0.7,6.7,54,Sun,64,1,Tingle_L54,1
15,Chorilaena quercifolia,1.3,4.2,1.4,2.5,5,54,Sun,64,1,Tingle_L54,1
15,Eucalyptus jacksonii,21.2,37.4,26,34.6,,54,Sun,64,1,Tingle_L54,1
20,Lepidosperma effusum,0,0.8,0,0.8,2.8,54,Sun,64,1,Tingle_L54,1
20,Allocasuarina decussata,3.6,17.6,4.6,10.8,12,54,Sun,64,1,Tingle_L54,1
20,Eucalyptus guilfoylei,27.2,36.2,28.4,36,9.6,54,Sun,64,1,Tingle_L54,1
25,Leucopogon verticillatus,0.2,1.5,0.2,1.2,1.7,54,Sun,64,1,Tingle_L54,1
25,Chorilaena quercifolia,0.8,2.6,1,1.5,3.7,54,Sun,64,1,Tingle_L54,1
25,Eucalyptus guilfoylei,27.2,36.2,28.4,36,,54,Sun,64,1,Tingle_L54,1
30,Lepidosperma effusum,0,0.7,0,0.7,5.1,54,Sun,64,1,Tingle_L54,1
30,Leucopogon verticillatus,1.1,4,1.5,2.5,5.8,54,Sun,64,1,Tingle_L54,1
30,Allocasuarina decussata,4.2,14,5.8,12.2,9.1,54,Sun,64,1,Tingle_L54,1
30,Eucalyptus guilfoylei,20,32.2,21.6,30,6.7,54,Sun,64,1,Tingle_L54,1
35,Allocasuarina decussata,4.2,14,5.8,12.2,,54,Sun,64,1,Tingle_L54,1
35,Eucalyptus guilfoylei,19.4,29.8,20.6,29.2,7.6,54,Sun,64,1,Tingle_L54,1
40,Lepidosperma effusum,0,0.6,0,0.6,4.4,54,Sun,64,1,Tingle_L54,1
40,Allocasuarina decussata,4.2,13.6,5.6,11.2,11.2,54,Sun,64,1,Tingle_L54,1
40,Eucalyptus guilfoylei,19.4,29.8,20.6,29.2,7.6,54,Sun,64,1,Tingle_L54,1
45,Lepidosperma effusum,0,0.5,0,0.5,5.8,54,Sun,64,1,Tingle_L54,1
45,Chorilaena quercifolia,1.1,3.5,1.1,2,5,54,Sun,64,1,Tingle_L54,1
45,Eucalyptus guilfoylei,13,27,17.4,21.6,9.1,54,Sun,64,1,Tingle_L54,1
50,Lepidosperma effusum,0,0.5,0,0.5,,54,Sun,64,1,Tingle_L54,1
50,Chorilaena quercifolia,1.5,4.9,1.5,3.3,5,54,Sun,64,1,Tingle_L54,1
50,Eucalyptus guilfoylei,13,27,17.4,21.6,6.4,54,Sun,64,1,Tingle_L54,1
5,Eucalyptus diversicolor,19.9,31.2,23.2,29.2,11.2,54,Shade,139,1,Tingle_S54,0
10,Trymalium odoratissimum,0,0.5,0,0.5,0.6,54,Shade,139,1,Tingle_S54,0
10,Eucalyptus jacksonii,18,26.2,18,25.2,8.3,54,Shade,139,1,Tingle_S54,0
15,Trymalium odoratissimum,0.2,0.85,0.2,0.85,1.3,54,Shade,139,1,Tingle_S54,0
15,Eucalyptus jacksonii,17.4,27.8,17.4,26,8.8,54,Shade,139,1,Tingle_S54,0
20,Eucalyptus jacksonii shade,3.8,11.6,5,11,3.8,54,Shade,139,1,Tingle_S54,0
20,Eucalyptus jacksonii,17.4,27.8,17.4,26,,54,Shade,139,2,Tingle_S54,0
20,Eucalyptus jacksonii,20,31.4,23.2,28,3.7,54,Shade,139,3,Tingle_S54,0
25,Lepidosperma effusum,0,0.3,0,0.3,13.2,54,Shade,139,1,Tingle_S54,0
25,Eucalyptus jacksonii shade,17.8,19.2,17.8,20.4,2.6,54,Shade,139,1,Tingle_S54,0
25,Eucalyptus jacksonii,23.4,32.4,23.4,29,9.4,54,Shade,139,2,Tingle_S54,0
30,Lepidosperma effusum,0,0.9,0,0.9,,54,Shade,139,1,Tingle_S54,0
30,Eucalyptus jacksonii,23.4,32.4,23.4,29,,54,Shade,139,1,Tingle_S54,0
35,Lepidosperma effusum,0,1.2,0,1.2,,54,Shade,139,1,Tingle_S54,0
35,Eucalyptus diversicolor,15,33.8,16,30.6,25.6,54,Shade,139,1,Tingle_S54,0
40,Eucalyptus diversicolor,15,33.8,16,30.6,,54,Shade,139,1,Tingle_S54,0
45,Eucalyptus diversicolor,15,33.8,16,30.6,,54,Shade,139,1,Tingle_S54,0
50,Trymalium odoratissimum,7.6,15.6,12.4,15.2,5.2,54,Shade,139,1,Tingle_S54,0
50,Eucalyptus diversicolor,15,33.8,16,30.6,,54,Shade,139,1,Tingle_S54,0
5,Lepidosperma effusum,0,0.7,0,0.7,8,55,Sun,69,1,Tingle_L55,1
5,Eucalyptus diversicolor,10,36,13.8,36,29,55,Sun,69,1,Tingle_L55,1
10,Log,0,0.3,,,0.3,55,Sun,69,1,Tingle_L55,1
10,Allocasuarina decussata,5.04,11,7.2,10.2,5,55,Sun,69,1,Tingle_L55,1
10,Allocasuarina decussata,4.62,14.2,6.6,11.4,5,55,Sun,69,2,Tingle_L55,1
10,Eucalyptus diversicolor,10,36,13.8,36,,55,Sun,69,1,Tingle_L55,1
15,Lepidosperma effusum,0,0.8,0,0.8,5.8,55,Sun,69,1,Tingle_L55,1
15,Lasiopetalum floribundum,0.7,2.2,1.3,1.8,1.7,55,Sun,69,1,Tingle_L55,1
15,Allocasuarina decussata,5.46,11.8,7.8,10.4,5,55,Sun,69,1,Tingle_L55,1
15,Eucalyptus jacksonii shade,8.8,13.6,11.4,12.4,2.6,55,Sun,69,1,Tingle_L55,1
20,Chorilaena quercifolia,1.6,5.4,1.3,1.9,2,55,Sun,69,1,Tingle_L55,1
20,Allocasuarina decussata,5.46,11.8,7.8,10.4,5,55,Sun,69,1,Tingle_L55,1
20,Eucalyptus diversicolor,10,36,13.8,36,,55,Sun,69,1,Tingle_L55,1
25,Hibbertia furfuracea,0.4,2,0.9,1.7,3.2,55,Sun,69,1,Tingle_L55,1
25,Leucopogon verticillatus,1.3,3,1.3,2.3,3.6,55,Sun,69,1,Tingle_L55,1
25,Chorilaena quercifolia,1.6,5.4,1.3,1.9,2,55,Sun,69,1,Tingle_L55,1
25,Eucalyptus jacksonii shade,11,18.6,12.8,16,8.5,55,Sun,69,1,Tingle_L55,1
30,Hibbertia furfuracea,0.1,2,1.1,1.5,3.5,55,Sun,69,1,Tingle_L55,1
30,Trymalium odoratissimum,4.4,7.8,6.2,7.8,5,55,Sun,69,1,Tingle_L55,1
30,Eucalyptus jacksonii shade,11,18.6,12.8,16,,55,Sun,69,1,Tingle_L55,1
30,Eucalyptus diversicolor,19.4,23.6,21.6,22.4,10.6,55,Sun,69,1,Tingle_L55,1
35,Eucalyptus jacksonii shade,13.6,16.6,14.4,14.8,4,55,Sun,69,1,Tingle_L55,1
35,Eucalyptus diversicolor,19.4,23.6,21.6,22.4,,55,Sun,69,1,Tingle_L55,1
40,Chorilaena quercifolia,1.8,6,2,4.4,2,55,Sun,69,1,Tingle_L55,1
40,Allocasuarina decussata,5.8,10.8,8,10,10.4,55,Sun,69,1,Tingle_L55,1
40,Eucalyptus diversicolor,14.4,30.6,19.2,30.4,24.4,55,Sun,69,1,Tingle_L55,1
45,Chorilaena quercifolia,0.8,2.6,0.6,1.8,2,55,Sun,69,1,Tingle_L55,1
45,Eucalyptus diversicolor,14.4,30.6,19.2,30.4,,55,Sun,69,1,Tingle_L55,1
50,Allocasuarina decussata,3.8,15,4.8,10.2,10,55,Sun,69,1,Tingle_L55,1
50,Eucalyptus diversicolor,13.4,24,21.2,23.6,5.6,55,Sun,69,1,Tingle_L55,1
50,Eucalyptus diversicolor,14.4,30.6,19.2,30.4,,55,Sun,69,2,Tingle_L55,1
5,Lepidosperma effusum,0,0.1,0,0.1,2,82,Sun,200,1,200_L82,0
5,Eucalyptus jacksonii,23,54,32.4,48.6,17,82,Sun,200,1,200_L82,0
5,Eucalyptus diversicolor,20,55,33,50.38825,19,82,Sun,200,1,200_L82,0
10,Eucalyptus diversicolor,20,55,33,50.38825,,82,Sun,200,1,200_L82,0
15,Lepidosperma effusum,0,0.7,0,0.7,0.5,82,Sun,200,1,200_L82,0
15,Pteridium esculentum,1.3,1.4,0.84,0.98,1.3,82,Sun,200,1,200_L82,0
15,Agonis flexuosa,1,3.3,1.65,2.64,3.5,82,Sun,200,1,200_L82,0
20,Lepidosperma effusum,0,0.5,0,0.5,1.8,82,Sun,200,1,200_L82,0
20,Agonis flexuosa,1.9,6.5,3.25,5.2,2.4,82,Sun,200,1,200_L82,0
20,Allocasuarina decussata,4.5,15.5,10.9,12.4,7.3,82,Sun,200,1,200_L82,0
25,Lepidosperma effusum,0,0.5,0,0.5,0.7,82,Sun,200,1,200_L82,0
25,Agonis flexuosa,9.3,16.2,8.1,12.96,17.8,82,Sun,200,1,200_L82,0
25,Eucalyptus jacksonii,20,39,23.4,35.1,14.5,82,Sun,200,1,200_L82,0
30,Lepidosperma effusum,0,0.7,0,0.7,6.8,82,Sun,200,1,200_L82,0
30,Agonis flexuosa,2.7,16.2,8.1,12.96,17.8,82,Sun,200,1,200_L82,0
30,Eucalyptus jacksonii,20,39,23.4,35.1,,82,Sun,200,1,200_L82,0
35,Lepidosperma effusum,0.2,0.5,0.2,0.5,0.6,82,Sun,200,1,200_L82,0
35,Agonis flexuosa,7.2,16.5,8.25,13.2,17.8,82,Sun,200,1,200_L82,0
35,Eucalyptus jacksonii,20,39,23.4,35.1,,82,Sun,200,1,200_L82,0
40,Lepidosperma effusum,0.2,0.6,0.2,0.6,1.6,82,Sun,200,1,200_L82,0
40,Agonis flexuosa,4,16.5,8.25,13.2,,82,Sun,200,1,200_L82,0
40,Eucalyptus jacksonii,28.1,51.7,31.02,46.53,16.4,82,Sun,200,1,200_L82,0
45,Lepidosperma effusum,0,0.3,0,0.3,0.4,82,Sun,200,1,200_L82,0
45,Allocasuarina decussata,7,19.1,13.4,15.28,6.8,82,Sun,200,1,200_L82,0
45,Eucalyptus jacksonii,28.1,51.7,31.02,46.53,,82,Sun,200,1,200_L82,0
50,Agonis flexuosa,1.5,3.1,1.55,2.48,1.8,82,Sun,200,1,200_L82,0
50,Agonis flexuosa,7.6,9.9,4.95,7.92,1.9,82,Sun,200,1,200_L82,0
50,Eucalyptus jacksonii,28.1,51.7,31.02,46.53,,82,Sun,200,1,200_L82,0
5,Boronia gracilipes,0.1,0.5,0.3,0.45,0.2,82,Sun,400,1,400_L82,0
5,Lepidosperma effusum,0,0.8,0,0.8,29,82,Sun,400,1,400_L82,0
5,Pteridium esculentum,0.8,1.14,0.684,0.798,0.2,82,Sun,400,1,400_L82,0
5,Eucalyptus jacksonii,16,41,21,33,29,82,Sun,400,1,400_L82,0
10,Lepidosperma effusum,0,0.8,0,0.8,,82,Sun,400,1,400_L82,0
10,Leucopogon verticillatus,0.3,1.14,0.3,1.14,0.5,82,Sun,400,1,400_L82,0
10,Eucalyptus jacksonii,16,26,16,25,13,82,Sun,400,1,400_L82,0
10,Eucalyptus jacksonii,16,41,21,33,,82,Sun,400,1,400_L82,0
15,Lepidosperma effusum,0,0.6,0,0.6,,82,Sun,400,1,400_L82,0
15,Eucalyptus jacksonii,19,41,26,37,24,82,Sun,400,1,400_L82,0
20,Lepidosperma effusum,0,1.04,0,1,,82,Sun,400,1,400_L82,0
20,Eucalyptus jacksonii,15,22,14,19,9,82,Sun,400,1,400_L82,0
20,Eucalyptus jacksonii,19,41,26,37,,82,Sun,400,1,400_L82,0
25,Lepidosperma effusum,0,1.02,0,1,,82,Sun,400,1,400_L82,0
25,Eucalyptus jacksonii,15,22,14,19,,82,Sun,400,1,400_L82,0
30,Lepidosperma effusum,0,0.9,0,0.9,,82,Sun,400,1,400_L82,0
30,Eucalyptus jacksonii,16,30,18,26,13,82,Sun,400,1,400_L82,0
35,Lepidosperma effusum,0,1,0,1,,82,Sun,400,1,400_L82,0
35,Eucalyptus jacksonii,16,30,18,26,,82,Sun,400,1,400_L82,0
40,Lepidosperma effusum,0,0.8,0,0.8,,82,Sun,400,1,400_L82,0
40,Eucalyptus jacksonii,16,30,18,26,,82,Sun,400,1,400_L82,0
40,Eucalyptus jacksonii,23,48,25,43,23,82,Sun,400,1,400_L82,0
45,Lepidosperma effusum,0,1.3,0,1.3,,82,Sun,400,1,400_L82,0
45,Pteridium esculentum,0.94,1.43,0.9,1.4,1.06,82,Sun,400,1,400_L82,0
45,Eucalyptus jacksonii,23,48,25,43,,82,Sun,400,1,400_L82,0
50,Lepidosperma effusum,0,1.18,0,1.18,,82,Sun,400,1,400_L82,0
50,Eucalyptus jacksonii,23,48,25,43,,82,Sun,400,1,400_L82,0
